provider_code,institution_name,cricos_course_code,course_name,dual_qualification,foe_broad,foe_narrow,foe_detailed,course_level,foundation_studies,work_component,duration_weeks,course_language,tuition_fee,expired
00026A,The University of Sydney,000515F,Doctor of Philosophy in Education,No,07 - Education,0799 - Other Education,"079999 - Education, n.e.c.",Doctoral Degree,No,No,208,English,"$217,300.00",No
00026A,The University of Sydney,000658B,Bachelor of Agricultural Economics,No,09 - Society and Culture,0919 - Economics and Econometrics,091901 - Economics,Bachelor Degree,No,Yes,208,English,"$213,360.00",No
00026A,The University of Sydney,000659A,Bachelor of Science in Agriculture,No,"05 - Agriculture, Environmental and Related Studies",0501 - Agriculture,"050199 - Agriculture, n.e.c.",Bachelor Degree,No,Yes,208,English,"$213,360.00",No
00026A,The University of Sydney,000665C,Doctor of Philosophy in Agriculture,No,"05 - Agriculture, Environmental and Related Studies",0501 - Agriculture,"050199 - Agriculture, n.e.c.",Doctoral Degree,No,No,208,English,"$232,610.00",No
00026A,The University of Sydney,000669K,Bachelor of Veterinary Science,No,06 - Health,0611 - Veterinary Studies,061101 - Veterinary Science,Bachelor Degree,No,Yes,260,English,"$370,600.00",No
00026A,The University of Sydney,000671E,Bachelor of Laws,No,09 - Society and Culture,0909 - Law,"090999 - Law, n.e.c.",Bachelor Degree,No,No,156,English,"$174,000.00",No
00026A,The University of Sydney,000674B,Master of Education,No,07 - Education,0701 - Teacher Education,070111 - Teacher Education: Higher Education,Masters Degree (Coursework),No,No,52,English,"$54,100.00",No
00026A,The University of Sydney,000677K,Master of Urban and Regional Planning,No,04 - Architecture and Building,0401 - Architecture and Urban Environment,040103 - Urban Design and Regional Planning,Masters Degree (Coursework),No,No,78,English,"$75,300.00",No
00026A,The University of Sydney,000681C,Master of Urban Design,No,04 - Architecture and Building,0401 - Architecture and Urban Environment,040103 - Urban Design and Regional Planning,Masters Degree (Coursework),No,No,78,English,"$75,300.00",No
00026A,The University of Sydney,000682B,Master of Heritage Conservation,No,04 - Architecture and Building,0401 - Architecture and Urban Environment,"040199 - Architecture and Urban Environment, n.e.c.",Masters Degree (Coursework),No,No,78,English,"$75,300.00",No
00026A,The University of Sydney,000685K,"Master of Philosophy (Architecture, Design and Planning)",No,04 - Architecture and Building,0401 - Architecture and Urban Environment,"040199 - Architecture and Urban Environment, n.e.c.",Masters Degree (Research),No,No,104,English,"$105,400.00",No
00026A,The University of Sydney,000694J,Graduate Diploma in Urban Design,No,04 - Architecture and Building,0401 - Architecture and Urban Environment,040103 - Urban Design and Regional Planning,Graduate Diploma,No,No,52,English,"$49,700.00",No
00026A,The University of Sydney,000700E,Doctor of Philosophy in Arts,No,09 - Society and Culture,0903 - Studies in Human Society,090305 - History,Doctoral Degree,No,No,208,English,"$217,300.00",No
00026A,The University of Sydney,000703B,Doctor of Philosophy (Engineering),No,03 - Engineering and Related Technologies,0303 - Process and Resources Engineering,030301 - Chemical Engineering,Doctoral Degree,No,No,208,English,"$244,500.00",No
00026A,The University of Sydney,000704A,Doctor of Philosophy (Business),No,08 - Management and Commerce,0803 - Business and Management,"080399 - Business and Management, n.e.c.",Doctoral Degree,No,No,208,English,"$244,500.00",No
00026A,The University of Sydney,000705M,Bachelor of Arts,No,09 - Society and Culture,0999 - Other Society and Culture,"099999 - Society and Culture, n.e.c.",Bachelor Degree,No,No,156,English,"$162,300.00",No
00026A,The University of Sydney,000706K,Bachelor of Social Work,Yes,09 - Society and Culture,0999 - Other Society and Culture,"099999 - Society and Culture, n.e.c.",Bachelor Degree,No,Yes,208,English,"$235,500.00",No
00026A,The University of Sydney,000708G,Study Abroad Program (1 semester),No,12 - Mixed Field Programmes,1299 - Other Mixed Field Programmes,"129999 - Mixed Field Programmes, n.e.c.",Non AQF Award,No,No,26,English,"$12,600.00",No
00026A,The University of Sydney,000718F,Bachelor of Engineering,No,03 - Engineering and Related Technologies,0399 - Other Engineering and Related Technologies,"039999 - Engineering and Related Technologies, n.e.c.",Bachelor Degree,No,Yes,208,English,"$253,500.00",No
00026A,The University of Sydney,000719E,Bachelor of Science,No,01 - Natural and Physical Sciences,0100 - Natural and Physical Sciences,"010000 - Natural and Physical Sciences, n.f.d.",Bachelor Degree,No,No,156,English,"$187,300.00",No
00026A,The University of Sydney,000722K,Doctor of Philosophy (Science),No,01 - Natural and Physical Sciences,0103 - Physics and Astronomy,010301 - Physics,Doctoral Degree,No,No,208,English,"$244,500.00",No
00026A,The University of Sydney,000723J,Bachelor of Pharmacy,No,06 - Health,0605 - Pharmacy,060501 - Pharmacy,Bachelor Degree,No,Yes,208,English,"$253,500.00",No
00026A,The University of Sydney,001292G,Bachelor of Education (Primary),No,07 - Education,0701 - Teacher Education,070103 - Teacher Education: Primary,Bachelor Degree,No,Yes,208,English,"$241,400.00",No
00026A,The University of Sydney,002460M,Conservatorium Preparatory Course,No,12 - Mixed Field Programmes,1201 - General Education Programmes,"120199 - General Education Programmes, n.e.c.",Non AQF Award,No,No,52,English,,No
00026A,The University of Sydney,002748F,Graduate Diploma in Rehabilitation Counselling,No,06 - Health,0617 - Rehabilitation Therapies,"061700 - Rehabilitation Therapies, n.f.d.",Graduate Diploma,No,Yes,52,English,"$61,700.00",No
00026A,The University of Sydney,003336G,Bachelor of Economics,No,09 - Society and Culture,0919 - Economics and Econometrics,091901 - Economics,Bachelor Degree,No,No,156,English,"$174,000.00",No
00026A,The University of Sydney,003519M,"Doctor of Philosophy (Architecture, Design and Planning)",No,04 - Architecture and Building,0401 - Architecture and Urban Environment,"040199 - Architecture and Urban Environment, n.e.c.",Doctoral Degree,No,No,208,English,"$217,300.00",No
00026A,The University of Sydney,006430G,Graduate Diploma in Urban & Regional Planning (Heritage Conservation/Housing Studies),No,04 - Architecture and Building,0401 - Architecture and Urban Environment,040103 - Urban Design and Regional Planning,Graduate Diploma,No,No,52,English,"$49,700.00",No
00026A,The University of Sydney,006434C,Doctor of Philosophy in Dentistry,No,06 - Health,0607 - Dental Studies,060701 - Dentistry,Doctoral Degree,No,Yes,208,English,"$244,500.00",No
00026A,The University of Sydney,006436A,Master of International Studies,No,08 - Management and Commerce,0803 - Business and Management,080311 - International Business,Masters Degree (Coursework),No,No,52,English,"$54,100.00",No
00026A,The University of Sydney,006441D,Bachelor of Arts / Bachelor of Laws,Yes,09 - Society and Culture,0999 - Other Society and Culture,"099999 - Society and Culture, n.e.c.",Bachelor Degree,No,No,260,English,"$298,800.00",No
00026A,The University of Sydney,006443B,Bachelor of Economics and Bachelor of Laws,Yes,09 - Society and Culture,0919 - Economics and Econometrics,091901 - Economics,Bachelor Degree,No,No,260,English,"$298,800.00",No
00026A,The University of Sydney,006449G,Master of Laws,No,09 - Society and Culture,0909 - Law,"090900 - Law, n.f.d.",Masters Degree (Coursework),No,No,52,English,"$61,700.00",No
00026A,The University of Sydney,006450C,Doctor of Philosophy (Law),No,09 - Society and Culture,0909 - Law,"090999 - Law, n.e.c.",Doctoral Degree,No,No,208,English,"$244,500.00",No
00026A,The University of Sydney,006455J,Doctor of Philosophy in Medicine,No,01 - Natural and Physical Sciences,0199 - Other Natural and Physical Sciences,019907 - Pharmacology,Doctoral Degree,No,No,208,English,"$244,500.00",No
00026A,The University of Sydney,006457G,Graduate Diploma in Public Health,No,06 - Health,0613 - Public Health,"061300 - Public Health, n.f.d.",Graduate Diploma,No,No,52,English,"$61,700.00",No
00026A,The University of Sydney,006461M,Doctor of Philosophy in Veterinary Science,No,06 - Health,0611 - Veterinary Studies,061101 - Veterinary Science,Doctoral Degree,No,No,208,English,"$232,610.00",No
00026A,The University of Sydney,007446B,Diploma of Music,No,10 - Creative Arts,1001 - Performing Arts ,100101 - Music,Diploma,No,No,104,English,"$102,100.00",No
00026A,The University of Sydney,007448M,Master of Music (Performance),No,10 - Creative Arts,1001 - Performing Arts ,100101 - Music,Masters Degree (Research),No,No,104,English,"$95,200.00",No
00026A,The University of Sydney,008401G,Graduate Diploma in Criminology,No,09 - Society and Culture,0909 - Law,090905 - Criminal Law,Graduate Diploma,No,No,26,English,"$27,050.00",No
00026A,The University of Sydney,008402F,Graduate Diploma in Jurisprudence,No,09 - Society and Culture,0909 - Law,"090999 - Law, n.e.c.",Graduate Diploma,No,No,26,English,"$30,850.00",No
00026A,The University of Sydney,008403E,Graduate Diploma in Law,No,09 - Society and Culture,0909 - Law,"090900 - Law, n.f.d.",Graduate Diploma,No,No,26,English,"$30,850.00",No
00026A,The University of Sydney,008404D,Master of Criminology,No,09 - Society and Culture,0909 - Law,090905 - Criminal Law,Masters Degree (Coursework),No,No,52,English,"$54,100.00",No
00026A,The University of Sydney,008405C,Master of Labour Law and Relations,No,08 - Management and Commerce,0803 - Business and Management,080309 - Industrial Relations,Masters Degree (Coursework),No,No,52,English,"$61,700.00",No
00026A,The University of Sydney,008406B,Master of Jurisprudence,No,09 - Society and Culture,0909 - Law,"090999 - Law, n.e.c.",Masters Degree (Coursework),No,No,52,English,"$61,700.00",No
00026A,The University of Sydney,008407A,Master of Taxation,No,09 - Society and Culture,0909 - Law,090911 - Taxation Law,Masters Degree (Coursework),No,No,52,English,"$61,700.00",No
00026A,The University of Sydney,008408M,Master of Laws (Research),No,09 - Society and Culture,0909 - Law,"090999 - Law, n.e.c.",Masters Degree (Research),No,No,104,English,"$118,600.00",No
00026A,The University of Sydney,008414B,Master of Nutrition and Dietetics,No,06 - Health,0699 - Other Health,069901 - Nutrition and Dietetics,Masters Degree (Coursework),No,Yes,104,English,"$125,300.00",No
00026A,The University of Sydney,008426J,Master of Veterinary Clinical Studies,No,06 - Health,0611 - Veterinary Studies,061101 - Veterinary Science,Masters Degree (Research),No,Yes,104,English,"$118,600.00",No
00026A,The University of Sydney,008437F,Doctor of Philosophy in Nursing,No,06 - Health,0603 - Nursing,"060300 - Nursing, n.f.d.",Doctoral Degree,No,No,208,English,"$217,300.00",No
00026A,The University of Sydney,008447D,Bachelor of Music (Music Education),No,07 - Education,0799 - Other Education,"079999 - Education, n.e.c.",Bachelor Degree,No,Yes,208,English,"$210,500.00",No
00026A,The University of Sydney,008448C,Graduate Diploma in Music (Opera),No,10 - Creative Arts,1001 - Performing Arts ,100101 - Music,Graduate Diploma,No,No,52,English,"$40,500.00",No
00026A,The University of Sydney,008450J,Graduate Diploma in Music (Accompaniment),No,10 - Creative Arts,1001 - Performing Arts ,100101 - Music,Graduate Diploma,No,No,52,English,,No
00026A,The University of Sydney,008451G,Bachelor of Visual Arts,No,10 - Creative Arts,1003 - Visual Arts and Crafts,100301 - Fine Arts,Bachelor Degree,No,No,156,English,"$152,100.00",No
00026A,The University of Sydney,008454E,Master of Music (Music Education),No,07 - Education,0701 - Teacher Education,"070199 - Teacher Education, n.e.c.",Masters Degree (Research),No,No,104,English,"$95,200.00",No
00026A,The University of Sydney,009061C,Master of Philosophy (Arts and Social Sciences),No,09 - Society and Culture,0915 - Language and Literature,091523 - Literature,Masters Degree (Research),No,No,104,English,"$105,400.00",No
00026A,The University of Sydney,009982F,Graduate Diploma in Heritage Conservation,No,04 - Architecture and Building,0401 - Architecture and Urban Environment,"040199 - Architecture and Urban Environment, n.e.c.",Graduate Diploma,No,No,52,English,"$49,700.00",No
00026A,The University of Sydney,0100132,Master of Health Studies,No,06 - Health,0601 - Medical Studies,060101 - General Medicine,Masters Degree (Coursework),No,No,104,English,"$192,900.00",No
00026A,The University of Sydney,0100133,Bachelor of Arts and Bachelor of Advanced Studies (Media and Communications),No,10 - Creative Arts,1007 - Communication and Media Studies,"100799 - Communication and Media Studies, n.e.c.",Bachelor Degree,No,Yes,208,English,"$219,700.00",No
00026A,The University of Sydney,0100160,Bachelor of Science and Bachelor of Advanced Studies (Animal and Veterinary Bioscience),No,06 - Health,0611 - Veterinary Studies,061101 - Veterinary Science,Bachelor Degree,No,Yes,208,English,"$253,500.00",No
00026A,The University of Sydney,0100161,Bachelor of Science and Bachelor of Advanced Studies (Food and Agribusiness),No,08 - Management and Commerce,0803 - Business and Management,080321 - Farm Management and Agribusiness,Bachelor Degree,No,Yes,208,English,"$253,500.00",No
00026A,The University of Sydney,0100162,Bachelor of Science and Bachelor of Advanced Studies (Agriculture),No,"05 - Agriculture, Environmental and Related Studies",0501 - Agriculture,"050199 - Agriculture, n.e.c.",Bachelor Degree,No,Yes,208,English,"$253,500.00",No
00026A,The University of Sydney,0100199,Bachelor of Advanced Studies (Honours),No,12 - Mixed Field Programmes,1299 - Other Mixed Field Programmes,"129999 - Mixed Field Programmes, n.e.c.",Bachelor Honours Degree,No,No,52,English,"$52,500.00",No
00026A,The University of Sydney,0100200,Doctor of Philosophy (Arts and Social Sciences),No,12 - Mixed Field Programmes,1299 - Other Mixed Field Programmes,"129999 - Mixed Field Programmes, n.e.c.",Doctoral Degree,No,No,208,English,"$217,300.00",No
00026A,The University of Sydney,0100244,Doctor of Philosophy (Medicine and Health),No,12 - Mixed Field Programmes,1299 - Other Mixed Field Programmes,"129999 - Mixed Field Programmes, n.e.c.",Doctoral Degree,No,No,208,English,"$244,500.00",No
00026A,The University of Sydney,0100634,Master of Exercise Physiology,No,06 - Health,0699 - Other Health,069903 - Human Movement,Masters Degree (Coursework),No,Yes,78,English,"$93,500.00",No
00026A,The University of Sydney,0101564,Bachelor of Music and Bachelor of Advanced Studies (Performance),No,10 - Creative Arts,1001 - Performing Arts ,100101 - Music,Bachelor Degree,No,No,260,English,"$261,300.00",No
00026A,The University of Sydney,0101565,Bachelor of Music and Bachelor of Advanced Studies (Composition),No,10 - Creative Arts,1001 - Performing Arts ,100101 - Music,Bachelor Degree,No,No,260,English,"$267,200.00",No
00026A,The University of Sydney,0101899,Bachelor of Veterinary Biology (Exit Only),No,06 - Health,0611 - Veterinary Studies,"061199 - Veterinary Studies, n.e.c.",Bachelor Degree,No,Yes,156,English,"$222,000.00",No
00026A,The University of Sydney,0102041,Graduate Certificate in Management,No,08 - Management and Commerce,0803 - Business and Management,"080399 - Business and Management, n.e.c.",Graduate Certificate,No,No,26,English,"$25,250.00",No
00026A,The University of Sydney,0102151,Bachelor of Advanced Studies (Media and Communications),No,10 - Creative Arts,1007 - Communication and Media Studies,"100799 - Communication and Media Studies, n.e.c.",Bachelor Degree,No,Yes,52,English,"$56,300.00",No
00026A,The University of Sydney,0102152,Bachelor of Advanced Studies (Media and Communications) (Honours),No,10 - Creative Arts,1007 - Communication and Media Studies,"100799 - Communication and Media Studies, n.e.c.",Bachelor Honours Degree,No,Yes,52,English,"$56,300.00",No
00026A,The University of Sydney,012825D,Bachelor of Applied Science (Speech Pathology),No,06 - Health,0617 - Rehabilitation Therapies,061707 - Speech Pathology,Bachelor Degree,No,Yes,208,English,"$275,700.00",No
00026A,The University of Sydney,012846K,Graduate Diploma in Science (Research),No,01 - Natural and Physical Sciences,0100 - Natural and Physical Sciences,"010000 - Natural and Physical Sciences, n.f.d.",Graduate Diploma,No,No,52,English,"$58,800.00",No
00026A,The University of Sydney,012849G,Bachelor of Commerce,No,08 - Management and Commerce,0899 - Other Management and Commerce,"089999 - Management and Commerce, n.e.c.",Bachelor Degree,No,No,156,English,"$174,000.00",No
00026A,The University of Sydney,012851B,Bachelor of Arts / Bachelor of Social Work,Yes,09 - Society and Culture,0999 - Other Society and Culture,"099999 - Society and Culture, n.e.c.",Bachelor Degree,No,Yes,260,English,"$298,800.00",No
00026A,The University of Sydney,016226F,Graduate Diploma in Public Policy,No,09 - Society and Culture,0901 - Political Science and Policy Studies ,090103 - Policy Studies,Graduate Diploma,No,No,52,English,"$54,100.00",No
00026A,The University of Sydney,016228D,Master of Public Policy,No,09 - Society and Culture,0901 - Political Science and Policy Studies ,090103 - Policy Studies,Masters Degree (Coursework),No,No,52,English,"$54,100.00",No
00026A,The University of Sydney,016237C,Bachelor of Science / Bachelor of Laws,Yes,01 - Natural and Physical Sciences,0199 - Other Natural and Physical Sciences,"019999 - Natural and Physical Sciences, n.e.c.",Bachelor Degree,No,No,260,English,"$298,800.00",No
00026A,The University of Sydney,016238B,Master of Criminology (Research),No,09 - Society and Culture,0909 - Law,090905 - Criminal Law,Masters Degree (Research),No,No,104,English,"$118,600.00",No
00026A,The University of Sydney,016239A,Master of Environmental Law,No,09 - Society and Culture,0909 - Law,"090999 - Law, n.e.c.",Masters Degree (Coursework),No,No,52,English,"$61,700.00",No
00026A,The University of Sydney,016246B,Bachelor of Medical Science,No,01 - Natural and Physical Sciences,0199 - Other Natural and Physical Sciences,019901 - Medical Science,Bachelor Degree,No,No,156,English,"$184,530.00",No
00026A,The University of Sydney,017835F,Bachelor of Commerce and Bachelor of Laws,Yes,08 - Management and Commerce,0899 - Other Management and Commerce,"089999 - Management and Commerce, n.e.c.",Bachelor Degree,No,No,260,English,"$298,800.00",No
00026A,The University of Sydney,019178G,Master of Music (Composition),No,10 - Creative Arts,1001 - Performing Arts ,100101 - Music,Masters Degree (Research),No,No,104,English,"$95,200.00",No
00026A,The University of Sydney,019180B,Master of Music (Musicology),No,10 - Creative Arts,1001 - Performing Arts ,100101 - Music,Masters Degree (Research),No,No,104,English,"$95,200.00",No
00026A,The University of Sydney,019181A,Master of Commerce,No,08 - Management and Commerce,0899 - Other Management and Commerce,"089999 - Management and Commerce, n.e.c.",Masters Degree (Coursework),No,No,78,English,"$93,500.00",No
00026A,The University of Sydney,019182M,Graduate Diploma in Commerce,No,08 - Management and Commerce,0899 - Other Management and Commerce,"089999 - Management and Commerce, n.e.c.",Graduate Diploma,No,No,52,English,"$61,700.00",No
00026A,The University of Sydney,019183K,Bachelor of Computer Science and Technology,No,02 - Information Technology,0201 - Computer Science,"020100 - Computer Science, n.f.d.",Bachelor Degree,No,No,156,English,"$187,300.00",No
00026A,The University of Sydney,019184J,Bachelor of Psychology,No,09 - Society and Culture,0907 - Behavioural Science,090701 - Psychology,Bachelor Degree,No,No,208,English,"$241,400.00",No
00026A,The University of Sydney,019835A,Master of Philosophy (Business),No,08 - Management and Commerce,0803 - Business and Management,"080399 - Business and Management, n.e.c.",Masters Degree (Research),No,No,104,English,"$118,600.00",No
00026A,The University of Sydney,020152G,Master of Administrative Law and Policy,No,09 - Society and Culture,0909 - Law,"090999 - Law, n.e.c.",Masters Degree (Coursework),No,No,52,English,"$61,700.00",No
00026A,The University of Sydney,020155D,Master of Teaching,No,07 - Education,0701 - Teacher Education,"070199 - Teacher Education, n.e.c.",Masters Degree (Coursework),No,Yes,104,English,"$109,800.00",No
00026A,The University of Sydney,022306M,Bachelor of Applied Science (Exercise and Sport Science),No,06 - Health,0699 - Other Health,069903 - Human Movement,Bachelor Degree,No,Yes,156,English,"$203,700.00",No
00026A,The University of Sydney,022310D,University of Sydney Foundation Program - Standard Course,No,12 - Mixed Field Programmes,1201 - General Education Programmes,"120199 - General Education Programmes, n.e.c.",Non AQF Award,Yes,No,52,English,"$48,350.00",No
00026A,The University of Sydney,022312B,Master of Information Technology,No,02 - Information Technology,0201 - Computer Science,"020100 - Computer Science, n.f.d.",Masters Degree (Coursework),No,No,52,English,"$57,900.00",No
00026A,The University of Sydney,022575A,Doctor of Education,No,07 - Education,0799 - Other Education,"079999 - Education, n.e.c.",Doctoral Degree,No,No,208,English,"$182,800.00",No
00026A,The University of Sydney,023334K,Master of Social Work,No,09 - Society and Culture,0905 - Human Welfare Studies and Services,090501 - Social Work,Masters Degree (Coursework),No,No,52,English,"$54,100.00",No
00026A,The University of Sydney,023937E,Graduate Certificate in International Studies,No,08 - Management and Commerce,0803 - Business and Management,080311 - International Business,Graduate Certificate,No,No,26,English,"$27,050.00",No
00026A,The University of Sydney,023939C,Graduate Certificate in Commerce,No,08 - Management and Commerce,0800 - Management and Commerce,"080000 - Management and Commerce, n.f.d.",Graduate Certificate,No,No,26,English,"$30,850.00",No
00026A,The University of Sydney,023941J,Graduate Certificate in Public Policy,No,09 - Society and Culture,0901 - Political Science and Policy Studies ,090103 - Policy Studies,Graduate Certificate,No,No,26,English,"$27,050.00",No
00026A,The University of Sydney,024656F,Graduate Certificate in Transport Management,No,08 - Management and Commerce,0899 - Other Management and Commerce,"089901 - Purchasing, Warehousing and Distribution",Graduate Certificate,No,No,26,English,"$30,850.00",No
00026A,The University of Sydney,024659C,Graduate Diploma in Educational Studies,No,07 - Education,0701 - Teacher Education,070111 - Teacher Education: Higher Education,Graduate Diploma,No,No,52,English,"$40,575.00",No
00026A,The University of Sydney,025098A,Bachelor of Commerce (Liberal Studies),No,08 - Management and Commerce,0803 - Business and Management,"080399 - Business and Management, n.e.c.",Bachelor Degree,No,No,208,English,"$235,500.00",No
00026A,The University of Sydney,025100A,Bachelor of Engineering / Bachelor of Arts,Yes,03 - Engineering and Related Technologies,0399 - Other Engineering and Related Technologies,"039999 - Engineering and Related Technologies, n.e.c.",Bachelor Degree,No,Yes,260,English,"$321,700.00",No
00026A,The University of Sydney,025101M,Bachelor of Engineering / Bachelor of Science,Yes,03 - Engineering and Related Technologies,0399 - Other Engineering and Related Technologies,"039999 - Engineering and Related Technologies, n.e.c.",Bachelor Degree,No,Yes,260,English,"$321,700.00",No
00026A,The University of Sydney,025102K,Bachelor of Engineering / Bachelor of Commerce,Yes,03 - Engineering and Related Technologies,0399 - Other Engineering and Related Technologies,"039999 - Engineering and Related Technologies, n.e.c.",Bachelor Degree,No,Yes,260,English,"$321,700.00",No
00026A,The University of Sydney,026956M,Master of Philosophy (Education),No,07 - Education,0799 - Other Education,"079999 - Education, n.e.c.",Masters Degree (Research),No,No,104,English,"$105,400.00",No
00026A,The University of Sydney,026957K,Bachelor of Music Studies,No,10 - Creative Arts,1001 - Performing Arts ,100101 - Music,Bachelor Degree,No,No,156,English,"$155,500.00",No
00026A,The University of Sydney,026965K,Master of Studio Art,No,10 - Creative Arts,1003 - Visual Arts and Crafts,100301 - Fine Arts,Masters Degree (Coursework),No,No,52,English,"$40,500.00",No
00026A,The University of Sydney,027158M,Bachelor of Computer Science and Technology (Honours),No,02 - Information Technology,0201 - Computer Science,"020100 - Computer Science, n.f.d.",Bachelor Honours Degree,No,No,52,English,"$60,600.00",No
00026A,The University of Sydney,027888K,Master of Occupational Therapy,No,06 - Health,0617 - Rehabilitation Therapies,061703 - Occupational Therapy,Masters Degree (Coursework),No,Yes,104,English,"$126,500.00",No
00026A,The University of Sydney,028448D,Graduate Diploma in Environmental Law,No,09 - Society and Culture,0909 - Law,"090999 - Law, n.e.c.",Graduate Diploma,No,No,26,English,"$30,850.00",No
00026A,The University of Sydney,028450K,Graduate Diploma in Taxation,No,09 - Society and Culture,0909 - Law,090911 - Taxation Law,Graduate Diploma,No,No,26,English,"$30,850.00",No
00026A,The University of Sydney,028770E,Bachelor of Applied Science (Exercise and Sport Science) Honours,No,06 - Health,0699 - Other Health,069903 - Human Movement,Bachelor Honours Degree,No,No,52,English,"$65,900.00",No
00026A,The University of Sydney,029878G,Graduate Certificate in Heritage Conservation,No,04 - Architecture and Building,0401 - Architecture and Urban Environment,"040199 - Architecture and Urban Environment, n.e.c.",Graduate Certificate,No,No,26,English,"$24,850.00",No
00026A,The University of Sydney,029879F,Graduate Certificate in Urban Design,No,04 - Architecture and Building,0401 - Architecture and Urban Environment,040103 - Urban Design and Regional Planning,Graduate Certificate,No,No,26,English,"$24,850.00",No
00026A,The University of Sydney,029880B,Graduate Certificate in Urban and Regional Planning,No,04 - Architecture and Building,0401 - Architecture and Urban Environment,040103 - Urban Design and Regional Planning,Graduate Certificate,No,No,26,English,"$24,850.00",No
00026A,The University of Sydney,029884J,Master of International Law,No,09 - Society and Culture,0909 - Law,090909 - International Law,Masters Degree (Coursework),No,No,52,English,"$61,700.00",No
00026A,The University of Sydney,030522C,Doctor of Philosophy in Pharmacy,No,06 - Health,0605 - Pharmacy,060501 - Pharmacy,Doctoral Degree,No,No,208,English,"$244,500.00",No
00026A,The University of Sydney,030523B,Bachelor of Arts (Languages),No,09 - Society and Culture,0915 - Language and Literature,"091599 - Language and Literature, n.e.c.",Bachelor Degree,No,No,208,English,"$219,700.00",No
00026A,The University of Sydney,030526K,Graduate Diploma in International Law,No,09 - Society and Culture,0909 - Law,090909 - International Law,Graduate Diploma,No,No,26,English,"$30,850.00",No
00026A,The University of Sydney,031315B,Bachelor of Arts (Media and Communications),No,10 - Creative Arts,1007 - Communication and Media Studies,"100700 - Communication and Media Studies, n.f.d.",Bachelor Degree,No,Yes,208,English,"$219,700.00",No
00026A,The University of Sydney,031316A,Bachelor of Arts (Informatics),No,02 - Information Technology,0299 - Other Information Technology,"029999 - Information Technology, n.e.c.",Bachelor Degree,No,No,208,English,,No
00026A,The University of Sydney,031432G,Master of Health Law,No,09 - Society and Culture,0999 - Other Society and Culture,"099999 - Society and Culture, n.e.c.",Masters Degree (Coursework),No,No,52,English,"$61,700.00",No
00026A,The University of Sydney,031911D,Master of Project Management,No,08 - Management and Commerce,0803 - Business and Management,080315 - Project Management,Masters Degree (Coursework),No,No,52,English,"$57,900.00",No
00026A,The University of Sydney,031912C,Graduate Certificate in Project Management,No,08 - Management and Commerce,0803 - Business and Management,080315 - Project Management,Graduate Certificate,No,No,26,English,"$28,950.00",No
00026A,The University of Sydney,031913B,Graduate Diploma in Project Management,No,08 - Management and Commerce,0803 - Business and Management,080315 - Project Management,Graduate Diploma,No,No,52,English,"$57,900.00",No
00026A,The University of Sydney,032440M,Bachelor of Resource Economics,No,"05 - Agriculture, Environmental and Related Studies",0501 - Agriculture,"050199 - Agriculture, n.e.c.",Bachelor Degree,No,Yes,208,English,"$213,360.00",No
00026A,The University of Sydney,032885D,Bachelor of Engineering / Bachelor of Laws,Yes,03 - Engineering and Related Technologies,0399 - Other Engineering and Related Technologies,"039999 - Engineering and Related Technologies, n.e.c.",Bachelor Degree,No,Yes,312,English,"$364,000.00",No
00026A,The University of Sydney,032886C,Doctor of Philosophy in Visual Arts,No,10 - Creative Arts,1003 - Visual Arts and Crafts,"100300 - Visual Arts and Crafts, n.f.d.",Doctoral Degree,No,No,208,English,"$217,300.00",No
00026A,The University of Sydney,033069F,Bachelor of Education (Secondary Mathematics) / Bachelor of Science,Yes,07 - Education,0701 - Teacher Education,070105 - Teacher Education: Secondary,Bachelor Degree,No,Yes,260,English,"$282,900.00",No
00026A,The University of Sydney,034606M,Exchange Program (One Year),No,12 - Mixed Field Programmes,1299 - Other Mixed Field Programmes,"129999 - Mixed Field Programmes, n.e.c.",Non AQF Award,No,No,52,English,,No
00026A,The University of Sydney,034607K,Exchange Program (One Semester),No,12 - Mixed Field Programmes,1299 - Other Mixed Field Programmes,"129999 - Mixed Field Programmes, n.e.c.",Non AQF Award,No,No,26,English,,No
00026A,The University of Sydney,034616J,Study Abroad (One Year),No,12 - Mixed Field Programmes,1299 - Other Mixed Field Programmes,"129999 - Mixed Field Programmes, n.e.c.",Non AQF Award,No,No,52,English,,No
00026A,The University of Sydney,036126M,University of Sydney Foundation Program - Standard Intensive,No,12 - Mixed Field Programmes,1201 - General Education Programmes,"120199 - General Education Programmes, n.e.c.",Non AQF Award,Yes,No,40,English,"$46,300.00",No
00026A,The University of Sydney,036730B,Bachelor of Design Computing,No,04 - Architecture and Building,0401 - Architecture and Urban Environment,"040199 - Architecture and Urban Environment, n.e.c.",Bachelor Degree,No,No,156,English,"$154,550.00",No
00026A,The University of Sydney,036736G,Bachelor of Arts (Honours),No,09 - Society and Culture,0900 - Society and Culture,"090000 - Society and Culture, n.f.d.",Bachelor Honours Degree,No,No,52,English,"$52,500.00",No
00026A,The University of Sydney,036739D,Bachelor of Economics (Honours),No,09 - Society and Culture,0919 - Economics and Econometrics,091901 - Economics,Bachelor Honours Degree,No,No,52,English,"$56,300.00",No
00026A,The University of Sydney,036741K,Bachelor of Commerce (Honours),No,08 - Management and Commerce,0899 - Other Management and Commerce,"089999 - Management and Commerce, n.e.c.",Bachelor Honours Degree,No,No,52,English,"$56,300.00",No
00026A,The University of Sydney,036742J,Bachelor of Commerce (Liberal Studies) (Honours),No,08 - Management and Commerce,0803 - Business and Management,"080399 - Business and Management, n.e.c.",Bachelor Honours Degree,No,No,52,English,"$56,300.00",No
00026A,The University of Sydney,036745F,Bachelor of Science (Honours),No,01 - Natural and Physical Sciences,0199 - Other Natural and Physical Sciences,"019999 - Natural and Physical Sciences, n.e.c.",Bachelor Honours Degree,No,No,52,English,"$60,600.00",No
00026A,The University of Sydney,036748C,Bachelor of Education (Secondary Humanities) B Arts,No,07 - Education,0701 - Teacher Education,070105 - Teacher Education: Secondary,Bachelor Degree,No,Yes,260,English,"$282,900.00",No
00026A,The University of Sydney,037177C,Bachelor of Engineering / Bachelor of Medical Science,Yes,03 - Engineering and Related Technologies,0399 - Other Engineering and Related Technologies,"039999 - Engineering and Related Technologies, n.e.c.",Bachelor Degree,No,Yes,260,English,"$332,900.00",No
00026A,The University of Sydney,039030F,Master of Science,No,01 - Natural and Physical Sciences,0103 - Physics and Astronomy,010301 - Physics,Masters Degree (Research),No,No,104,English,"$112,870.00",No
00026A,The University of Sydney,039120D,Bachelor of Information Technology,No,02 - Information Technology,0299 - Other Information Technology,"029999 - Information Technology, n.e.c.",Bachelor Degree,No,No,208,English,"$253,500.00",No
00026A,The University of Sydney,039122B,Graduate Certificate in Information Technology,No,02 - Information Technology,0299 - Other Information Technology,"029999 - Information Technology, n.e.c.",Graduate Certificate,No,No,26,English,"$28,950.00",No
00026A,The University of Sydney,039123A,Graduate Diploma in Information Technology,No,02 - Information Technology,0299 - Other Information Technology,"029999 - Information Technology, n.e.c.",Graduate Diploma,No,No,52,English,"$57,900.00",No
00026A,The University of Sydney,039857G,Doctor of Philosophy (Behavioural and Community Health Sciences),No,09 - Society and Culture,0905 - Human Welfare Studies and Services,"090599 - Human Welfare Studies and Services, n.e.c.",Doctoral Degree,No,No,208,English,"$206,500.00",No
00026A,The University of Sydney,039859E,Bachelor of Psychology (Honours),No,09 - Society and Culture,0907 - Behavioural Science,090701 - Psychology,Bachelor Honours Degree,No,No,52,English,"$60,600.00",No
00026A,The University of Sydney,039860A,Master of Philosophy (Social Work),No,09 - Society and Culture,0905 - Human Welfare Studies and Services,090501 - Social Work,Masters Degree (Research),No,No,104,English,"$105,400.00",No
00026A,The University of Sydney,039863J,Doctor of Philosophy (Music),No,10 - Creative Arts,1001 - Performing Arts ,100101 - Music,Doctoral Degree,No,No,208,English,"$217,300.00",No
00026A,The University of Sydney,040574G,Bachelor of Information Techonology (Honours),No,02 - Information Technology,0200 - Information Technology,"020000 - Information Technology, n.f.d.",Bachelor Honours Degree,No,No,52,English,"$60,600.00",No
00026A,The University of Sydney,040575G,Bachelor of Medical Science (Honours),No,01 - Natural and Physical Sciences,0199 - Other Natural and Physical Sciences,019901 - Medical Science,Bachelor Honours Degree,No,No,52,English,"$62,700.00",No
00026A,The University of Sydney,040576F,Bachelor of Arts (Media and Communications) (Honours),No,10 - Creative Arts,1007 - Communication and Media Studies,"100700 - Communication and Media Studies, n.f.d.",Bachelor Honours Degree,No,No,52,English,"$52,500.00",No
00026A,The University of Sydney,040892E,Graduate Certificate in Educational Studies,No,07 - Education,0701 - Teacher Education,070111 - Teacher Education: Higher Education,Graduate Certificate,No,No,26,English,"$27,050.00",No
00026A,The University of Sydney,045006M,Graduate Diploma in Media Practice,No,10 - Creative Arts,1007 - Communication and Media Studies,"100700 - Communication and Media Studies, n.f.d.",Graduate Diploma,No,No,52,English,"$57,300.00",No
00026A,The University of Sydney,045007K,Doctor of Arts,No,10 - Creative Arts,1007 - Communication and Media Studies,"100700 - Communication and Media Studies, n.f.d.",Doctoral Degree,No,No,208,English,"$217,300.00",No
00026A,The University of Sydney,045008J,Doctor of Social Sciences,No,09 - Society and Culture,0999 - Other Society and Culture,"099999 - Society and Culture, n.e.c.",Doctoral Degree,No,No,208,English,"$217,300.00",No
00026A,The University of Sydney,045009G,Graduate Certificate in Media Practice,No,09 - Society and Culture,0999 - Other Society and Culture,"099999 - Society and Culture, n.e.c.",Graduate Certificate,No,No,26,English,"$28,650.00",No
00026A,The University of Sydney,045477B,Graduate Diploma in Social Work,No,09 - Society and Culture,0905 - Human Welfare Studies and Services,090501 - Social Work,Graduate Diploma,No,No,52,English,"$40,575.00",No
00026A,The University of Sydney,045478A,Doctor of Social Work,No,09 - Society and Culture,0905 - Human Welfare Studies and Services,090501 - Social Work,Doctoral Degree,No,No,208,English,"$182,800.00",No
00026A,The University of Sydney,045639M,Doctor of Philosophy in Science,No,09 - Society and Culture,0905 - Human Welfare Studies and Services,090501 - Social Work,Doctoral Degree,No,No,286,English,"$171,850.00",No
00026A,The University of Sydney,047794F,Master of Physiotherapy,No,06 - Health,0617 - Rehabilitation Therapies,061701 - Physiotherapy,Masters Degree (Coursework),No,Yes,104,English,"$133,980.00",No
00026A,The University of Sydney,048508J,Master of Design Science (Building),No,04 - Architecture and Building,0403 - Building,040301 - Building Science and Technology,Masters Degree (Coursework),No,No,78,English,"$71,660.00",No
00026A,The University of Sydney,048509G,Master of Design Science (Building Services),No,04 - Architecture and Building,0403 - Building,040301 - Building Science and Technology,Masters Degree (Coursework),No,No,78,English,"$71,660.00",No
00026A,The University of Sydney,048514M,Master of Design Science (Illumination Design),No,04 - Architecture and Building,0401 - Architecture and Urban Environment,040107 - Interior and Environmental Design,Masters Degree (Coursework),No,No,78,English,"$71,660.00",No
00026A,The University of Sydney,048515K,Master of Design Science (Sustainable Design),No,04 - Architecture and Building,0401 - Architecture and Urban Environment,"040199 - Architecture and Urban Environment, n.e.c.",Masters Degree (Coursework),No,No,78,English,"$71,660.00",No
00026A,The University of Sydney,048517G,Graduate Diploma in Design Science (Building),No,04 - Architecture and Building,0403 - Building,040301 - Building Science and Technology,Graduate Diploma,No,No,52,English,,No
00026A,The University of Sydney,048518G,Graduate Diploma in Design Science (Building Services),No,04 - Architecture and Building,0403 - Building,040301 - Building Science and Technology,Graduate Diploma,No,No,52,English,"$49,700.00",No
00026A,The University of Sydney,048523K,Graduate Diploma in Design Science (Sustainable Design),No,04 - Architecture and Building,0401 - Architecture and Urban Environment,"040199 - Architecture and Urban Environment, n.e.c.",Graduate Diploma,No,No,52,English,"$49,700.00",No
00026A,The University of Sydney,048526G,Graduate Certificate in Design Science (Building),No,04 - Architecture and Building,0403 - Building,040301 - Building Science and Technology,Graduate Certificate,No,No,26,English,"$24,850.00",No
00026A,The University of Sydney,048527F,Graduate Certificate in Design Science (Building Services),No,04 - Architecture and Building,0403 - Building,040301 - Building Science and Technology,Graduate Certificate,No,No,26,English,"$24,850.00",No
00026A,The University of Sydney,048767A,Doctor of Philosophy in Science (Cotutelle),No,01 - Natural and Physical Sciences,0100 - Natural and Physical Sciences,"010000 - Natural and Physical Sciences, n.f.d.",Doctoral Degree,No,No,208,English,,No
00026A,The University of Sydney,049402M,Master in Policy Studies,No,07 - Education,0703 - Curriculum and Education Studies,070303 - Education Studies,Masters Degree (Coursework),No,No,52,English,"$54,100.00",No
00026A,The University of Sydney,050004D,Master of Pharmacy,No,06 - Health,0605 - Pharmacy,060501 - Pharmacy,Masters Degree (Coursework),No,Yes,104,English,"$125,300.00",No
00026A,The University of Sydney,050097E,Master of Medical Physics,No,01 - Natural and Physical Sciences,0199 - Other Natural and Physical Sciences,019901 - Medical Science,Masters Degree (Coursework),No,No,78,English,"$93,500.00",No
00026A,The University of Sydney,050098D,Graduate Diploma in Medical Physics,No,01 - Natural and Physical Sciences,0199 - Other Natural and Physical Sciences,019901 - Medical Science,Graduate Diploma,No,No,52,English,"$61,700.00",No
00026A,The University of Sydney,050921M,Master of Business Law,No,09 - Society and Culture,0909 - Law,090901 - Business and Commercial Law,Masters Degree (Coursework),No,No,52,English,"$61,700.00",No
00026A,The University of Sydney,050922K,Master of Arts (Research),No,09 - Society and Culture,0903 - Studies in Human Society,"090399 - Studies in Human Society, n.e.c.",Masters Degree (Research),No,No,104,English,"$105,400.00",No
00026A,The University of Sydney,050959G,Graduate Diploma in Computing,No,02 - Information Technology,0201 - Computer Science,"020100 - Computer Science, n.f.d.",Graduate Diploma,No,No,52,English,"$55,100.00",No
00026A,The University of Sydney,052441M,Master of Music (Applied Research in Music Performance),No,10 - Creative Arts,1001 - Performing Arts ,100101 - Music,Masters Degree (Research),No,No,104,English,"$95,200.00",No
00026A,The University of Sydney,052451J,Bachelor of Music (Performance),No,10 - Creative Arts,1001 - Performing Arts ,100101 - Music,Bachelor Degree,No,No,208,English,"$205,900.00",No
00026A,The University of Sydney,052452G,Bachelor of Music (Composition),No,10 - Creative Arts,1001 - Performing Arts ,100101 - Music,Bachelor Degree,No,No,208,English,"$210,500.00",No
00026A,The University of Sydney,052456D,Bachelor of Design in Architecture,No,04 - Architecture and Building,0401 - Architecture and Urban Environment,"040199 - Architecture and Urban Environment, n.e.c.",Bachelor Degree,No,No,156,English,"$162,300.00",No
00026A,The University of Sydney,052752G,Undergraduate Study Abroad Program,No,12 - Mixed Field Programmes,1299 - Other Mixed Field Programmes,"129999 - Mixed Field Programmes, n.e.c.",Non AQF Award,No,No,52,English,"$25,200.00",No
00026A,The University of Sydney,052753F,Postgraduate Coursework Study Abroad Program,No,12 - Mixed Field Programmes,1299 - Other Mixed Field Programmes,"129999 - Mixed Field Programmes, n.e.c.",Non AQF Award,No,No,26,English,"$12,600.00",No
00026A,The University of Sydney,052754E,Postgraduate Research Study Abroad Program,No,12 - Mixed Field Programmes,1299 - Other Mixed Field Programmes,"129999 - Mixed Field Programmes, n.e.c.",Non AQF Award,No,No,26,English,"$12,600.00",No
00026A,The University of Sydney,052756C,Master of Speech Language Pathology,No,06 - Health,0617 - Rehabilitation Therapies,061707 - Speech Pathology,Masters Degree (Coursework),No,Yes,104,English,"$140,700.00",No
00026A,The University of Sydney,052757B,Master of Applied Science (Health Sciences),No,06 - Health,0699 - Other Health,"069999 - Health, n.e.c.",Masters Degree (Research),No,No,104,English,"$118,600.00",No
00026A,The University of Sydney,052873J,Undergraduate Exchange Program,No,12 - Mixed Field Programmes,1299 - Other Mixed Field Programmes,"129999 - Mixed Field Programmes, n.e.c.",Non AQF Award,No,No,52,English,,No
00026A,The University of Sydney,052874G,Postgraduate Coursework Exchange Program,No,12 - Mixed Field Programmes,1201 - General Education Programmes,"120199 - General Education Programmes, n.e.c.",Non AQF Award,No,No,26,English,,No
00026A,The University of Sydney,052875G,Postgraduate Research Exchange Program,No,12 - Mixed Field Programmes,1299 - Other Mixed Field Programmes,"129999 - Mixed Field Programmes, n.e.c.",Non AQF Award,No,No,26,English,,No
00026A,The University of Sydney,052970G,Doctor of Philsophy in Engineering (Cotutelle),No,03 - Engineering and Related Technologies,0300 - Engineering and Related Technologies,"030000 - Engineering and Related Technologies, n.f.d.",Doctoral Degree,No,No,208,English,,No
00026A,The University of Sydney,052971G,Doctor of Philsophy in Arts ( Cotutelle),No,09 - Society and Culture,0900 - Society and Culture,"090000 - Society and Culture, n.f.d.",Doctoral Degree,No,No,208,English,,No
00026A,The University of Sydney,053402K,Postgraduate Coursework Study Abroad Program (2 Semesters),No,12 - Mixed Field Programmes,1299 - Other Mixed Field Programmes,"129999 - Mixed Field Programmes, n.e.c.",Non AQF Award,No,No,52,English,"$25,200.00",No
00026A,The University of Sydney,053403J,Postgraduate Research Study Abroad Program (2 Semesters),No,12 - Mixed Field Programmes,1299 - Other Mixed Field Programmes,"129999 - Mixed Field Programmes, n.e.c.",Non AQF Award,No,No,52,English,"$25,200.00",No
00026A,The University of Sydney,053404G,Postgraduate Coursework Exchange Program (2 Semesters),No,12 - Mixed Field Programmes,1299 - Other Mixed Field Programmes,"129999 - Mixed Field Programmes, n.e.c.",Non AQF Award,No,No,52,English,,No
00026A,The University of Sydney,053405G,Postgraduate Research Exchange Program (2 Semesters),No,12 - Mixed Field Programmes,1299 - Other Mixed Field Programmes,"129999 - Mixed Field Programmes, n.e.c.",Non AQF Award,No,No,52,English,,No
00026A,The University of Sydney,053423E,Bachelor of Animal and Veterinary Bioscience,No,06 - Health,0611 - Veterinary Studies,061101 - Veterinary Science,Bachelor Degree,No,Yes,208,English,"$262,730.00",No
00026A,The University of Sydney,053429K,Graduate Diploma in Strategic Public Relations,No,09 - Society and Culture,0903 - Studies in Human Society,"090399 - Studies in Human Society, n.e.c.",Graduate Diploma,No,No,52,English,"$51,300.00",No
00026A,The University of Sydney,053430F,Graduate Certificate in Strategic Public Relations,No,09 - Society and Culture,0903 - Studies in Human Society,"090399 - Studies in Human Society, n.e.c.",Graduate Certificate,No,No,26,English,"$25,650.00",No
00026A,The University of Sydney,053431E,Master of Development Studies,No,09 - Society and Culture,0903 - Studies in Human Society,"090300 - Studies in Human Society, n.f.d.",Masters Degree (Coursework),No,No,52,English,"$51,300.00",No
00026A,The University of Sydney,053432D,Graduate Diploma in Development Studies,No,09 - Society and Culture,0903 - Studies in Human Society,"090399 - Studies in Human Society, n.e.c.",Graduate Diploma,No,No,52,English,"$51,300.00",No
00026A,The University of Sydney,053433C,Graduate Certificate in Development Studies,No,09 - Society and Culture,0903 - Studies in Human Society,"090300 - Studies in Human Society, n.f.d.",Graduate Certificate,No,No,26,English,"$25,650.00",No
00026A,The University of Sydney,053653B,Master of Urban Design (Urban Design and Planning),No,04 - Architecture and Building,0401 - Architecture and Urban Environment,040103 - Urban Design and Regional Planning,Masters Degree (Coursework),No,No,104,English,"$100,900.00",No
00026A,The University of Sydney,053656K,Master of Design Science (Building)(Audio/Building Services/Design Computing/Digital Media/Facilities),No,04 - Architecture and Building,0403 - Building,040301 - Building Science and Technology,Masters Degree (Coursework),No,No,104,English,"$96,020.00",No
00026A,The University of Sydney,053657J,Master of Design Science (Building Services) (Audio/Building/Design Computing/Digital Media/Facilities),No,04 - Architecture and Building,0403 - Building,040301 - Building Science and Technology,Masters Degree (Coursework),No,No,104,English,"$96,020.00",No
00026A,The University of Sydney,053661B,Master of Design Science (Illumination Design)(Audio/Building Services/Design Computing/Digital Media/Facilities),No,04 - Architecture and Building,0401 - Architecture and Urban Environment,040107 - Interior and Environmental Design,Masters Degree (Coursework),No,No,104,English,"$96,020.00",No
00026A,The University of Sydney,053662A,Master of Design Science (Sustainable Design)(Audio/Building Services/Building/Design Computing/Digital Media/Facilities),No,04 - Architecture and Building,0401 - Architecture and Urban Environment,"040199 - Architecture and Urban Environment, n.e.c.",Masters Degree (Coursework),No,No,104,English,"$96,020.00",No
00026A,The University of Sydney,053859K,Master of Public Administration,No,08 - Management and Commerce,0803 - Business and Management,080313 - Public and Health Care Administration,Masters Degree (Coursework),No,No,52,English,"$57,000.00",No
00026A,The University of Sydney,053863C,Master of Science in Medicine (Clinical Epidemiology),No,06 - Health,0613 - Public Health,061311 - Epidemiology,Masters Degree (Coursework),No,No,52,English,"$61,700.00",No
00026A,The University of Sydney,053865A,Master of Medicine (Clinical Epidemiology),No,06 - Health,0613 - Public Health,061311 - Epidemiology,Masters Degree (Coursework),No,No,52,English,"$61,700.00",No
00026A,The University of Sydney,053868J,Graduate Diploma in Health Policy and Planning,No,06 - Health,0613 - Public Health,"061399 - Public Health, n.e.c.",Graduate Diploma,No,No,52,English,"$46,275.00",No
00026A,The University of Sydney,053869G,Master of Health Policy and Planning,No,06 - Health,0613 - Public Health,"061399 - Public Health, n.e.c.",Masters Degree (Coursework),No,No,52,English,"$61,700.00",No
00026A,The University of Sydney,053875K,Graduate Diploma in Music (Pedgagogy),No,10 - Creative Arts,1001 - Performing Arts ,100101 - Music,Graduate Diploma,No,No,52,English,"$40,500.00",No
00026A,The University of Sydney,053963K,Master of Economics,No,09 - Society and Culture,0919 - Economics and Econometrics,091901 - Economics,Masters Degree (Coursework),No,No,78,English,"$93,500.00",No
00026A,The University of Sydney,053965G,Graduate Diploma in Economics,No,09 - Society and Culture,0919 - Economics and Econometrics,091901 - Economics,Graduate Diploma,No,No,52,English,"$61,700.00",No
00026A,The University of Sydney,054072D,Master of Design Science (Design Computing) ( Honours),No,10 - Creative Arts,1005 - Graphic and Design Studies,"100599 - Graphic and Design Studies, n.e.c.",Masters Degree (Coursework),No,No,26,English,,No
00026A,The University of Sydney,054073C,Master of Design Science (Digital Media) (Honours),No,04 - Architecture and Building,0401 - Architecture and Urban Environment,"040199 - Architecture and Urban Environment, n.e.c.",Masters Degree (Coursework),No,No,26,English,,No
00026A,The University of Sydney,054076M,Master of Design Science (Sustainable Design) (Honours),No,04 - Architecture and Building,0401 - Architecture and Urban Environment,"040199 - Architecture and Urban Environment, n.e.c.",Masters Degree (Coursework),No,No,26,English,,No
00026A,The University of Sydney,054757G,Master of Public Health,No,06 - Health,0613 - Public Health,"061300 - Public Health, n.f.d.",Masters Degree (Coursework),No,No,52,English,"$61,700.00",No
00026A,The University of Sydney,054857D,Master of Learning Sciences & Technology,No,07 - Education,0703 - Curriculum and Education Studies,070303 - Education Studies,Masters Degree (Coursework),No,No,52,English,"$54,100.00",No
00026A,The University of Sydney,054928E,Master of Education (Research),No,07 - Education,0703 - Curriculum and Education Studies,070303 - Education Studies,Masters Degree (Research),No,No,52,English,"$51,900.00",No
00026A,The University of Sydney,054971B,Graduate Diploma in Bioethics,No,01 - Natural and Physical Sciences,0109 - Biological Sciences,"010999 - Biological Sciences, n.e.c.",Graduate Diploma,No,No,52,English,"$61,700.00",No
00026A,The University of Sydney,054972A,Master of Bioethics,No,09 - Society and Culture,0917 - Philosophy and Religious Studies,091701 - Philosophy,Masters Degree (Coursework),No,No,52,English,"$61,700.00",No
00026A,The University of Sydney,055185J,Graduate Diploma in Information Technology Management,No,02 - Information Technology,0299 - Other Information Technology,"029999 - Information Technology, n.e.c.",Graduate Diploma,No,No,52,English,"$57,900.00",No
00026A,The University of Sydney,055186G,Master of Information Technology Management,No,02 - Information Technology,0299 - Other Information Technology,"029999 - Information Technology, n.e.c.",Masters Degree (Coursework),No,No,52,English,"$57,900.00",No
00026A,The University of Sydney,055187G,Graduate Certificate in Information Technology Management,No,02 - Information Technology,0299 - Other Information Technology,"029999 - Information Technology, n.e.c.",Graduate Certificate,No,No,26,English,"$28,950.00",No
00026A,The University of Sydney,055314E,Master of Applied Linguistics,No,09 - Society and Culture,0915 - Language and Literature,091521 - Linguistics,Masters Degree (Coursework),No,No,52,English,"$51,300.00",No
00026A,The University of Sydney,055324C,Graduate Diploma in Creative Writing,No,10 - Creative Arts,1007 - Communication and Media Studies,100705 - Written Communication,Graduate Diploma,No,No,52,English,"$51,300.00",No
00026A,The University of Sydney,055325B,Graduate Certificate in Creative Writing,No,10 - Creative Arts,1007 - Communication and Media Studies,100705 - Written Communication,Graduate Certificate,No,No,26,English,"$25,650.00",No
00026A,The University of Sydney,055326A,Master of Crosscultural Communication,No,10 - Creative Arts,1007 - Communication and Media Studies,"100799 - Communication and Media Studies, n.e.c.",Masters Degree (Coursework),No,No,52,English,"$51,300.00",No
00026A,The University of Sydney,055331D,Master of Peace and Conflict Studies,No,09 - Society and Culture,0999 - Other Society and Culture,"099999 - Society and Culture, n.e.c.",Masters Degree (Coursework),No,No,52,English,"$51,300.00",No
00026A,The University of Sydney,055332C,Graduate Diploma in Peace and Conflict Studies,No,09 - Society and Culture,0999 - Other Society and Culture,"099999 - Society and Culture, n.e.c.",Graduate Diploma,No,No,52,English,"$51,300.00",No
00026A,The University of Sydney,055333B,Graduate Certificate in Peace and Conflict Studies,No,09 - Society and Culture,0999 - Other Society and Culture,"099999 - Society and Culture, n.e.c.",Graduate Certificate,No,No,26,English,"$25,650.00",No
00026A,The University of Sydney,055519C,Graduate Diploma in Facilities Management,No,04 - Architecture and Building,0403 - Building,"040399 - Building, n.e.c.",Graduate Diploma,No,No,52,English,"$40,500.00",No
00026A,The University of Sydney,055520K,Master of Facilities Management,No,04 - Architecture and Building,0403 - Building,"040399 - Building, n.e.c.",Masters Degree (Coursework),No,No,78,English,"$54,000.00",No
00026A,The University of Sydney,055548J,Master of Arts,No,09 - Society and Culture,0900 - Society and Culture,"090000 - Society and Culture, n.f.d.",Masters Degree (Coursework),No,No,52,English,"$45,500.00",No
00026A,The University of Sydney,055691B,Bachelor of Design Computing (Honours),No,04 - Architecture and Building,0401 - Architecture and Urban Environment,"040199 - Architecture and Urban Environment, n.e.c.",Bachelor Honours Degree,No,No,52,English,"$50,000.00",No
00026A,The University of Sydney,055693M,Bachelor of Design in Architecture (Honours),No,04 - Architecture and Building,0401 - Architecture and Urban Environment,040103 - Urban Design and Regional Planning,Bachelor Honours Degree,No,No,52,English,"$52,500.00",No
00026A,The University of Sydney,055966B,Bachelor of Education (Secondary: Science) / Bachelor of Science,Yes,07 - Education,0701 - Teacher Education,070105 - Teacher Education: Secondary,Bachelor Degree,No,Yes,260,English,"$321,700.00",No
00026A,The University of Sydney,055967A,Bachelor of Education (Secondary: Mathematics) / Bachelor of Science,Yes,07 - Education,0701 - Teacher Education,070105 - Teacher Education: Secondary,Bachelor Degree,No,Yes,260,English,"$321,700.00",No
00026A,The University of Sydney,055968M,Bachelor of Education (Secondary: Humanities) / Bachelor of Arts,Yes,07 - Education,0701 - Teacher Education,070105 - Teacher Education: Secondary,Bachelor Degree,No,Yes,260,English,"$321,700.00",No
00026A,The University of Sydney,056658F,Bachelor of Economics and Social Sciences (Honours),No,09 - Society and Culture,0919 - Economics and Econometrics,091901 - Economics,Bachelor Honours Degree,No,No,52,English,"$46,000.00",No
00026A,The University of Sydney,057117E,Doctor of Philosophy in Social Work,No,09 - Society and Culture,0905 - Human Welfare Studies and Services,090501 - Social Work,Doctoral Degree,No,No,208,English,"$217,300.00",No
00026A,The University of Sydney,057118D,Graduate Certificate in Social Work,No,09 - Society and Culture,0905 - Human Welfare Studies and Services,090501 - Social Work,Graduate Certificate,No,No,26,English,,No
00026A,The University of Sydney,057888F,Master of Digital Communication and Culture,No,10 - Creative Arts,1007 - Communication and Media Studies,"100799 - Communication and Media Studies, n.e.c.",Masters Degree (Coursework),No,No,52,English,"$54,100.00",No
00026A,The University of Sydney,057891M,Graduate Diploma in Digital Communication and Culture,No,10 - Creative Arts,1007 - Communication and Media Studies,"100799 - Communication and Media Studies, n.e.c.",Graduate Diploma,No,No,52,English,"$54,100.00",No
00026A,The University of Sydney,057893J,Graduate Certificate in Digital Communication and Culture,No,10 - Creative Arts,1007 - Communication and Media Studies,"100799 - Communication and Media Studies, n.e.c.",Graduate Certificate,No,No,26,English,"$27,050.00",No
00026A,The University of Sydney,057895G,Master of Philosophy (Medicine and Health),No,06 - Health,0601 - Medical Studies,"060199 - Medical Studies, n.e.c.",Masters Degree (Research),No,No,104,English,"$118,600.00",No
00026A,The University of Sydney,057896F,Master of Philosophy (Dentistry),No,06 - Health,0607 - Dental Studies,060701 - Dentistry,Masters Degree (Research),No,Yes,104,English,"$118,600.00",No
00026A,The University of Sydney,057897E,Master of Philosophy (Pharmacy),No,06 - Health,0605 - Pharmacy,060501 - Pharmacy,Masters Degree (Research),No,No,104,English,"$118,600.00",No
00026A,The University of Sydney,057898D,Bachelor of Global Studies,No,09 - Society and Culture,0999 - Other Society and Culture,"099999 - Society and Culture, n.e.c.",Bachelor Degree,No,No,156,English,,No
00026A,The University of Sydney,058176G,Graduate Diploma in Learning Sciences and Technology,No,07 - Education,0703 - Curriculum and Education Studies,070303 - Education Studies,Graduate Diploma,No,No,52,English,"$40,575.00",No
00026A,The University of Sydney,058177G,Graduate Certificate in Learning Sciences and Technology,No,07 - Education,0703 - Curriculum and Education Studies,070303 - Education Studies,Graduate Certificate,No,No,26,English,"$27,050.00",No
00026A,The University of Sydney,058179E,Graduate Diploma in Publishing,No,10 - Creative Arts,1007 - Communication and Media Studies,"100799 - Communication and Media Studies, n.e.c.",Graduate Diploma,No,No,52,English,"$51,300.00",No
00026A,The University of Sydney,058180A,Graduate Certificate in Publishing,No,10 - Creative Arts,1007 - Communication and Media Studies,"100799 - Communication and Media Studies, n.e.c.",Graduate Certificate,No,No,26,English,"$25,650.00",No
00026A,The University of Sydney,058184G,Master of English Language in Australia,No,09 - Society and Culture,0915 - Language and Literature,091501 - ELICOS,Masters Degree (Coursework),No,No,52,English,,No
00026A,The University of Sydney,058352G,Master of Diagnostic Radiography,No,06 - Health,0615 - Radiography,061501 - Radiography,Masters Degree (Coursework),No,Yes,104,English,"$129,500.00",No
00026A,The University of Sydney,058359A,Graduate Diploma in Music (Performance),No,10 - Creative Arts,1001 - Performing Arts ,100101 - Music,Graduate Diploma,No,No,52,English,"$47,500.00",No
00026A,The University of Sydney,058361G,Graduate Diploma in Veterinary Studies,No,06 - Health,0611 - Veterinary Studies,"061199 - Veterinary Studies, n.e.c.",Graduate Diploma,No,No,52,English,"$58,800.00",No
00026A,The University of Sydney,058362F,Master of Professional Accounting,No,08 - Management and Commerce,0801 - Accounting,080101 - Accounting,Masters Degree (Coursework),No,No,78,English,"$93,500.00",No
00026A,The University of Sydney,058373C,Master of Music Studies (Performance),No,10 - Creative Arts,1001 - Performing Arts ,100101 - Music,Masters Degree (Coursework),No,No,78,English,"$71,950.00",No
00026A,The University of Sydney,058374B,Master of Veterinary Studies,No,06 - Health,0611 - Veterinary Studies,"061199 - Veterinary Studies, n.e.c.",Masters Degree (Coursework),No,No,52,English,"$58,800.00",No
00026A,The University of Sydney,058697E,Doctor of Philosophy in Health Sciences,No,06 - Health,0699 - Other Health,"069999 - Health, n.e.c.",Doctoral Degree,No,No,208,English,"$244,500.00",No
00026A,The University of Sydney,058960F,Bachelor of Arts (Advanced) (Honours),No,09 - Society and Culture,0999 - Other Society and Culture,"099999 - Society and Culture, n.e.c.",Bachelor Honours Degree,No,No,156,English,"$162,300.00",No
00026A,The University of Sydney,058961E,Bachelor of Health Sciences (Honours),No,06 - Health,0699 - Other Health,"069999 - Health, n.e.c.",Bachelor Honours Degree,No,No,52,English,"$60,600.00",No
00026A,The University of Sydney,059186J,Bachelor of Visual Arts (Honours),No,10 - Creative Arts,1003 - Visual Arts and Crafts,100301 - Fine Arts,Bachelor Honours Degree,No,No,52,English,"$49,200.00",No
00026A,The University of Sydney,060614F,Master of Human Rights,No,09 - Society and Culture,0903 - Studies in Human Society,"090300 - Studies in Human Society, n.f.d.",Masters Degree (Coursework),No,No,52,English,"$51,300.00",No
00026A,The University of Sydney,060615E,Graduate Diploma in Human Rights,No,09 - Society and Culture,0903 - Studies in Human Society,"090300 - Studies in Human Society, n.f.d.",Graduate Diploma,No,No,52,English,"$51,300.00",No
00026A,The University of Sydney,060616D,Graduate Certificate in Human Rights,No,09 - Society and Culture,0903 - Studies in Human Society,"090300 - Studies in Human Society, n.f.d.",Graduate Certificate,No,No,26,English,"$25,650.00",No
00026A,The University of Sydney,060617C,Master of US Studies,No,09 - Society and Culture,0901 - Political Science and Policy Studies ,"090100 - Political Science and Policy Studies, n.f.d.",Masters Degree (Coursework),No,No,52,English,"$54,100.00",No
00026A,The University of Sydney,060620G,Bachelor of Arts (Media and Communications) and Bachelor of Laws,Yes,09 - Society and Culture,0901 - Political Science and Policy Studies ,"090100 - Political Science and Policy Studies, n.f.d.",Bachelor Degree,No,Yes,312,English,"$364,000.00",No
00026A,The University of Sydney,060904G,Master of Architecture,No,04 - Architecture and Building,0401 - Architecture and Urban Environment,040101 - Architecture,Masters Degree (Coursework),No,No,104,English,"$97,600.00",No
00026A,The University of Sydney,060905F,Master of Urban Design (Architectural and Urban Design),No,04 - Architecture and Building,0401 - Architecture and Urban Environment,040103 - Urban Design and Regional Planning,Masters Degree (Coursework),No,No,104,English,"$100,900.00",No
00026A,The University of Sydney,060909B,Graduate Certificate in Design Science (Audio and Acoustics),No,04 - Architecture and Building,0401 - Architecture and Urban Environment,"040199 - Architecture and Urban Environment, n.e.c.",Graduate Certificate,No,No,26,English,"$25,650.00",No
00026A,The University of Sydney,060910J,Grauate Diploma in Design Science (Audio and Acoustics),No,04 - Architecture and Building,0401 - Architecture and Urban Environment,"040199 - Architecture and Urban Environment, n.e.c.",Graduate Diploma,No,No,52,English,"$51,300.00",No
00026A,The University of Sydney,060911G,Master of Design Science (Audio and Acoustics),No,04 - Architecture and Building,0401 - Architecture and Urban Environment,"040199 - Architecture and Urban Environment, n.e.c.",Masters Degree (Coursework),No,No,78,English,"$74,080.00",No
00026A,The University of Sydney,060912G,Master of Design Science (Audio and Acoustics),No,04 - Architecture and Building,0401 - Architecture and Urban Environment,"040199 - Architecture and Urban Environment, n.e.c.",Masters Degree (Coursework),No,No,104,English,"$99,270.00",No
00026A,The University of Sydney,060913F,Master of Design Science (Audio and Acoustics) (Honours),No,04 - Architecture and Building,0401 - Architecture and Urban Environment,"040199 - Architecture and Urban Environment, n.e.c.",Masters Degree (Coursework),No,No,26,English,,No
00026A,The University of Sydney,061140E,Master of Human Resource Management & Industrial Relations,No,08 - Management and Commerce,0803 - Business and Management,080303 - Human Resource Management,Masters Degree (Coursework),No,No,78,English,"$77,600.00",No
00026A,The University of Sydney,061141D,Graduate Diploma in Human Resource Management & Industrial Relations,No,08 - Management and Commerce,0803 - Business and Management,080303 - Human Resource Management,Graduate Diploma,No,No,52,English,"$46,275.00",No
00026A,The University of Sydney,061142C,Graduate Certificate in Human Resource Management & Industrial Relations,No,08 - Management and Commerce,0803 - Business and Management,080303 - Human Resource Management,Graduate Certificate,No,No,26,English,"$30,850.00",No
00026A,The University of Sydney,061144A,Doctor of Musical Arts,No,10 - Creative Arts,1001 - Performing Arts ,100101 - Music,Doctoral Degree,No,No,208,English,"$196,100.00",No
00026A,The University of Sydney,061145M,Bachelor of Music Studies / Bachelor of Arts,Yes,10 - Creative Arts,1001 - Performing Arts ,100101 - Music,Bachelor Degree,No,No,260,English,"$267,200.00",No
00026A,The University of Sydney,061147J,Bachelor of Music Studies (Honours),No,10 - Creative Arts,1001 - Performing Arts ,100101 - Music,Bachelor Honours Degree,No,No,52,English,"$50,300.00",No
00026A,The University of Sydney,061187A,Master of International Security,No,09 - Society and Culture,0901 - Political Science and Policy Studies ,"090100 - Political Science and Policy Studies, n.f.d.",Masters Degree (Coursework),No,No,78,English,"$68,025.00",No
00026A,The University of Sydney,061188M,Graduate Diploma in International Security,No,09 - Society and Culture,0901 - Political Science and Policy Studies ,"090100 - Political Science and Policy Studies, n.f.d.",Graduate Diploma,No,No,52,English,"$54,100.00",No
00026A,The University of Sydney,061189K,Graduate Certificate in International Security,No,09 - Society and Culture,0901 - Political Science and Policy Studies ,"090100 - Political Science and Policy Studies, n.f.d.",Graduate Certificate,No,No,26,English,"$27,050.00",No
00026A,The University of Sydney,061297F,Graduate Diploma in Cultural Studies,No,09 - Society and Culture,0999 - Other Society and Culture,"099999 - Society and Culture, n.e.c.",Graduate Diploma,No,No,52,English,"$51,300.00",No
00026A,The University of Sydney,061298E,Graduate Certificate in Cultural Studies,No,09 - Society and Culture,0999 - Other Society and Culture,"099999 - Society and Culture, n.e.c.",Graduate Certificate,No,No,26,English,"$25,650.00",No
00026A,The University of Sydney,061790D,Master of Philosophy (Engineering),No,03 - Engineering and Related Technologies,0300 - Engineering and Related Technologies,"030000 - Engineering and Related Technologies, n.f.d.",Masters Degree (Research),No,No,104,English,"$118,600.00",No
00026A,The University of Sydney,061793A,Graduate Diploma in Engineering,No,03 - Engineering and Related Technologies,0300 - Engineering and Related Technologies,"030000 - Engineering and Related Technologies, n.f.d.",Graduate Diploma,No,No,52,English,"$43,425.00",No
00026A,The University of Sydney,062100E,Bachelor of Information Technologies and Bachelor of Commerce,No,02 - Information Technology,0299 - Other Information Technology,"029999 - Information Technology, n.e.c.",Bachelor Degree,No,No,260,English,"$321,700.00",No
00026A,The University of Sydney,062483G,Bachelor of Arts (Languages) (Honours),No,09 - Society and Culture,0915 - Language and Literature,"091599 - Language and Literature, n.e.c.",Bachelor Honours Degree,No,No,52,English,"$52,500.00",No
00026A,The University of Sydney,062564F,Doctor of Philosophy in Education (Cotutelle),No,07 - Education,0703 - Curriculum and Education Studies,070303 - Education Studies,Doctoral Degree,No,No,208,English,,No
00026A,The University of Sydney,062970C,Master of Marketing,No,08 - Management and Commerce,0805 - Sales and Marketing,080505 - Marketing,Masters Degree (Coursework),No,No,60,English,"$73,940.00",No
00026A,The University of Sydney,063099G,Master of Management,No,08 - Management and Commerce,0803 - Business and Management,"080399 - Business and Management, n.e.c.",Masters Degree (Coursework),No,No,60,English,"$68,025.00",No
00026A,The University of Sydney,063100G,Master of Management (Community of European Management Schools),No,08 - Management and Commerce,0803 - Business and Management,"080399 - Business and Management, n.e.c.",Masters Degree (Coursework),No,No,78,English,"$87,700.00",No
00026A,The University of Sydney,063204M,Master of Rehabilitation Counselling,No,06 - Health,0617 - Rehabilitation Therapies,"061700 - Rehabilitation Therapies, n.f.d.",Masters Degree (Coursework),No,Yes,104,English,"$125,300.00",No
00026A,The University of Sydney,063745D,Bachelor of International and Global Studies,No,09 - Society and Culture,0999 - Other Society and Culture,"099999 - Society and Culture, n.e.c.",Bachelor Degree,No,No,156,English,"$162,300.00",No
00026A,The University of Sydney,063746C,Bachelor of International and Global Studies and Bachelor of Laws,No,09 - Society and Culture,0999 - Other Society and Culture,"099999 - Society and Culture, n.e.c.",Bachelor Degree,No,No,260,English,"$298,800.00",No
00026A,The University of Sydney,063747B,Graduate Certificate in Engineeering,No,03 - Engineering and Related Technologies,0399 - Other Engineering and Related Technologies,"039999 - Engineering and Related Technologies, n.e.c.",Graduate Certificate,No,No,26,English,"$28,950.00",No
00026A,The University of Sydney,063847J,Bachelor of Applied Science (Physiotherapy),No,06 - Health,0617 - Rehabilitation Therapies,061701 - Physiotherapy,Bachelor Degree,No,Yes,208,English,"$275,700.00",No
00026A,The University of Sydney,063849G,Bachelor of Applied Science (Occupational Therapy),No,06 - Health,0617 - Rehabilitation Therapies,061703 - Occupational Therapy,Bachelor Degree,No,Yes,208,English,"$275,700.00",No
00026A,The University of Sydney,063948D,Master of Health Communication,No,06 - Health,0613 - Public Health,061307 - Health Promotion,Masters Degree (Coursework),No,No,52,English,"$54,100.00",No
00026A,The University of Sydney,063949C,Graduate Diploma in Health Communication,No,06 - Health,0613 - Public Health,061307 - Health Promotion,Graduate Diploma,No,No,52,English,"$54,100.00",No
00026A,The University of Sydney,063950K,Graduate  Certificate in Health Communication,No,06 - Health,0613 - Public Health,061307 - Health Promotion,Graduate Certificate,No,No,26,English,"$27,050.00",No
00026A,The University of Sydney,063951J,Graduate Certificate in Art Curatorship,No,09 - Society and Culture,"0913 - Librarianship, Information Management and Curatorial Studies",091303 - Curatorial Studies,Graduate Certificate,No,No,26,English,"$22,500.00",No
00026A,The University of Sydney,064058G,Graduate Certificate in Interaction Design and Electronic Arts,No,04 - Architecture and Building,0401 - Architecture and Urban Environment,"040199 - Architecture and Urban Environment, n.e.c.",Graduate Certificate,No,No,26,English,"$25,650.00",No
00026A,The University of Sydney,064059G,Graduate Diploma in Interaction Design and Electronics Arts,No,04 - Architecture and Building,0401 - Architecture and Urban Environment,"040199 - Architecture and Urban Environment, n.e.c.",Graduate Diploma,No,No,52,English,"$51,300.00",No
00026A,The University of Sydney,064060C,Master of Interaction Design and Electronic Arts,No,04 - Architecture and Building,0401 - Architecture and Urban Environment,"040199 - Architecture and Urban Environment, n.e.c.",Masters Degree (Coursework),No,No,78,English,"$77,700.00",No
00026A,The University of Sydney,064103G,Bachelor of Information Technology and Bachelor of Arts,No,02 - Information Technology,0299 - Other Information Technology,"029999 - Information Technology, n.e.c.",Bachelor Degree,No,No,260,English,"$321,700.00",No
00026A,The University of Sydney,064104G,Bachelor of Information Technology and Bachelor of Medical Science,No,02 - Information Technology,0299 - Other Information Technology,"029999 - Information Technology, n.e.c.",Bachelor Degree,No,No,260,English,"$332,900.00",No
00026A,The University of Sydney,064105F,Bachelor of Information Technology and Bachelor of Science,No,02 - Information Technology,0299 - Other Information Technology,"029999 - Information Technology, n.e.c.",Bachelor Degree,No,No,260,English,"$321,700.00",No
00026A,The University of Sydney,064106E,Bachelor of Engineering (Civil) and Bachelor of Design in Architecture,No,03 - Engineering and Related Technologies,0309 - Civil Engineering,"030999 - Civil Engineering, n.e.c.",Bachelor Degree,No,Yes,260,English,"$321,700.00",No
00026A,The University of Sydney,064107D,Master of Professional Engineering,No,03 - Engineering and Related Technologies,0399 - Other Engineering and Related Technologies,"039999 - Engineering and Related Technologies, n.e.c.",Masters Degree (Coursework),No,Yes,104,English,"$117,500.00",No
00026A,The University of Sydney,064136K,Master of Political Economy,No,09 - Society and Culture,0919 - Economics and Econometrics,091901 - Economics,Masters Degree (Coursework),No,No,52,English,"$54,100.00",No
00026A,The University of Sydney,064137J,Graduate Diploma in Political Economy,No,09 - Society and Culture,0919 - Economics and Econometrics,091901 - Economics,Graduate Diploma,No,No,52,English,"$54,100.00",No
00026A,The University of Sydney,064138G,Graduate Certificate in Political Economy,No,09 - Society and Culture,0919 - Economics and Econometrics,091901 - Economics,Graduate Certificate,No,No,26,English,"$27,050.00",No
00026A,The University of Sydney,064271C,Doctor of Clinical Dentistry (Oral Medicine),No,06 - Health,0607 - Dental Studies,060701 - Dentistry,Masters Degree (Extended),No,Yes,156,English,"$258,100.00",No
00026A,The University of Sydney,064272B,Doctor of Clinical Dentistry (Orthodontics),No,06 - Health,0607 - Dental Studies,060701 - Dentistry,Masters Degree (Extended),No,Yes,156,English,"$258,100.00",No
00026A,The University of Sydney,064281A,Doctor of Clinical Dentistry (Periodontics),No,06 - Health,0607 - Dental Studies,060701 - Dentistry,Masters Degree (Extended),No,Yes,156,English,"$258,100.00",No
00026A,The University of Sydney,064292J,Doctor of Clinical Dentistry (Prosthodontics),No,06 - Health,0607 - Dental Studies,060701 - Dentistry,Masters Degree (Coursework),No,Yes,156,English,"$258,100.00",No
00026A,The University of Sydney,064298C,Doctor of Clinical Dentistry (Paediatric Dentristry),No,06 - Health,0607 - Dental Studies,060701 - Dentistry,Masters Degree (Extended),No,Yes,156,English,"$258,100.00",No
00026A,The University of Sydney,064373G,Graduate Certificate in Clinical Dentistry (Hospital Dentistry),No,06 - Health,0607 - Dental Studies,060701 - Dentistry,Graduate Certificate,No,Yes,26,English,"$41,750.00",No
00026A,The University of Sydney,066074C,Bachelor of Liberal Studies (Honours),No,09 - Society and Culture,0900 - Society and Culture,"090000 - Society and Culture, n.f.d.",Bachelor Honours Degree,No,No,52,English,"$46,000.00",No
00026A,The University of Sydney,066136E,Graduate Certificate in Innovation & Enterprise,No,08 - Management and Commerce,0899 - Other Management and Commerce,"089999 - Management and Commerce, n.e.c.",Graduate Certificate,No,No,26,English,"$30,850.00",No
00026A,The University of Sydney,066825B,Bachelor of Education (Secondary) (Human Movement and Health Education),No,07 - Education,0701 - Teacher Education,070105 - Teacher Education: Secondary,Bachelor Degree,No,Yes,208,English,"$223,100.00",No
00026A,The University of Sydney,068549A,"Bachelor of Political, Economic and Social Sciences",No,09 - Society and Culture,0903 - Studies in Human Society,"090399 - Studies in Human Society, n.e.c.",Bachelor Degree,No,No,156,English,"$162,300.00",No
00026A,The University of Sydney,068550G,Graduate Certificate in Human and Community Services,No,09 - Society and Culture,0905 - Human Welfare Studies and Services,090501 - Social Work,Graduate Certificate,No,No,26,English,"$27,050.00",No
00026A,The University of Sydney,068551G,Bachelor of Education (Early Childhood),No,07 - Education,0701 - Teacher Education,070101 - Teacher Education: Early Childhood,Bachelor Degree,No,Yes,208,English,"$253,500.00",No
00026A,The University of Sydney,068569G,Bachelor of Liberal Arts and Sciences,No,09 - Society and Culture,0999 - Other Society and Culture,"099999 - Society and Culture, n.e.c.",Bachelor Degree,No,No,156,English,"$174,000.00",No
00026A,The University of Sydney,068692E,Graduate Certificate in Sustainability,No,"05 - Agriculture, Environmental and Related Studies",0509 - Environmental Studies,"050999 - Environmental Studies, n.e.c.",Graduate Certificate,No,No,26,English,"$30,850.00",No
00026A,The University of Sydney,068693D,Graduate Diploma in Sustainability,No,"05 - Agriculture, Environmental and Related Studies",0509 - Environmental Studies,"050999 - Environmental Studies, n.e.c.",Graduate Diploma,No,No,52,English,"$61,700.00",No
00026A,The University of Sydney,068694C,Master of Sustainability,No,"05 - Agriculture, Environmental and Related Studies",0509 - Environmental Studies,"050999 - Environmental Studies, n.e.c.",Masters Degree (Coursework),No,Yes,78,English,"$93,500.00",No
00026A,The University of Sydney,068705E,Master of Cancer and Haematology Nursing,No,06 - Health,0603 - Nursing,"060399 - Nursing, n.e.c.",Masters Degree (Coursework),No,No,78,English,"$74,080.00",No
00026A,The University of Sydney,068708B,Master of Emergency Nursing,No,06 - Health,0603 - Nursing,"060399 - Nursing, n.e.c.",Masters Degree (Coursework),No,No,78,English,"$74,080.00",No
00026A,The University of Sydney,068709A,Master of Intensive Care Nursing,No,06 - Health,0603 - Nursing,060309 - Critical Care Nursing,Masters Degree (Coursework),No,No,78,English,"$74,080.00",No
00026A,The University of Sydney,068710G,Master of Mental Health Nursing,No,06 - Health,0603 - Nursing,060305 - Mental Health Nursing,Masters Degree (Coursework),No,No,78,English,"$74,080.00",No
00026A,The University of Sydney,068767B,Bachelor of Information Technology and Bachelor of Law,Yes,02 - Information Technology,0299 - Other Information Technology,"029999 - Information Technology, n.e.c.",Bachelor Degree,No,No,312,English,"$364,000.00",No
00026A,The University of Sydney,068768A,Graduate Diploma in Cancer and Haematology Nursing,No,06 - Health,0603 - Nursing,"060399 - Nursing, n.e.c.",Graduate Diploma,No,No,52,English,"$48,900.00",No
00026A,The University of Sydney,068770G,Graduate Diploma in Emergency Nursing,No,06 - Health,0603 - Nursing,"060399 - Nursing, n.e.c.",Graduate Diploma,No,No,52,English,"$48,900.00",No
00026A,The University of Sydney,068771F,Graduate Diploma in Intensive Care Nursing,No,06 - Health,0603 - Nursing,060309 - Critical Care Nursing,Graduate Diploma,No,No,52,English,"$48,900.00",No
00026A,The University of Sydney,068772E,Graduate Diploma in Mental Health Nursing,No,06 - Health,0603 - Nursing,060305 - Mental Health Nursing,Graduate Diploma,No,No,52,English,"$48,900.00",No
00026A,The University of Sydney,068773D,Master of Nursing,No,06 - Health,0603 - Nursing,"060399 - Nursing, n.e.c.",Masters Degree (Coursework),No,Yes,104,English,"$104,100.00",No
00026A,The University of Sydney,068774C,Bachelor of Environmental Systems,No,"05 - Agriculture, Environmental and Related Studies","0599 - Other Agriculture, Environmental and Related Studies","059999 - Agriculture, Environmental and Related Studies, n.e.c.",Bachelor Degree,No,No,156,English,"$157,640.00",No
00026A,The University of Sydney,068825G,Master of Brain and Mind Sciences,No,01 - Natural and Physical Sciences,0199 - Other Natural and Physical Sciences,019901 - Medical Science,Masters Degree (Coursework),No,No,52,English,"$61,700.00",No
00026A,The University of Sydney,068826G,Graduate Diploma in Brain and Mind Sciences,No,01 - Natural and Physical Sciences,0199 - Other Natural and Physical Sciences,019901 - Medical Science,Graduate Diploma,No,No,52,English,"$61,700.00",No
00026A,The University of Sydney,068827F,Graduate Certificate in Brain and Mind Sciences,No,01 - Natural and Physical Sciences,0199 - Other Natural and Physical Sciences,019901 - Medical Science,Graduate Certificate,No,No,26,English,"$30,850.00",No
00026A,The University of Sydney,068924E,Master of Fine Arts,No,10 - Creative Arts,1003 - Visual Arts and Crafts,"100399 - Visual Arts and Crafts, n.e.c.",Masters Degree (Research),No,No,104,English,"$95,200.00",No
00026A,The University of Sydney,069875A,Bachelor of Science and Master of Nutrition and Dietetics,Yes,01 - Natural and Physical Sciences,0199 - Other Natural and Physical Sciences,"019999 - Natural and Physical Sciences, n.e.c.",Masters Degree (Coursework),No,Yes,260,English,"$321,700.00",No
00026A,The University of Sydney,069877K,Bachelor of Arts and Master of Nursing,Yes,09 - Society and Culture,0999 - Other Society and Culture,"099999 - Society and Culture, n.e.c.",Masters Degree (Coursework),No,Yes,208,English,"$209,180.00",No
00026A,The University of Sydney,069880D,Bachelor of Science and Master of Nursing,Yes,01 - Natural and Physical Sciences,0199 - Other Natural and Physical Sciences,"019999 - Natural and Physical Sciences, n.e.c.",Masters Degree (Coursework),No,Yes,208,English,"$224,240.00",No
00026A,The University of Sydney,071480B,Graduate Certificate in Clinical Epidemiology,No,06 - Health,0613 - Public Health,061311 - Epidemiology,Graduate Certificate,No,No,26,English,"$30,850.00",No
00026A,The University of Sydney,071754C,Juris Doctor,No,09 - Society and Culture,0909 - Law,"090999 - Law, n.e.c.",Masters Degree (Coursework),No,No,156,English,"$188,800.00",No
00026A,The University of Sydney,072217J,Master of Social Work (Qualifying),No,09 - Society and Culture,0905 - Human Welfare Studies and Services,090501 - Social Work,Masters Degree (Coursework),No,Yes,104,English,"$109,800.00",No
00026A,The University of Sydney,072495J,Bachelor of Oral Health,No,06 - Health,0607 - Dental Studies,"060799 - Dental Studies, n.e.c.",Bachelor Degree,No,Yes,156,English,"$187,300.00",No
00026A,The University of Sydney,072571B,Graduate Diploma in Marketing,No,08 - Management and Commerce,0805 - Sales and Marketing,080505 - Marketing,Graduate Diploma,No,No,52,English,"$46,275.00",No
00026A,The University of Sydney,073071C,Graduate Diploma in Clinical Epidemiology,No,06 - Health,0613 - Public Health,061311 - Epidemiology,Graduate Diploma,No,No,52,English,"$46,275.00",No
00026A,The University of Sydney,074086K,Master of International Business and Law,No,09 - Society and Culture,0909 - Law,090909 - International Law,Masters Degree (Coursework),No,No,78,English,"$93,500.00",No
00026A,The University of Sydney,074087J,Master of International Business,No,08 - Management and Commerce,0803 - Business and Management,080311 - International Business,Masters Degree (Coursework),No,No,60,English,"$77,600.00",No
00026A,The University of Sydney,074088G,Bachelor of Nursing (Advanced Studies),No,06 - Health,0603 - Nursing,060301 - General Nursing,Bachelor Degree,No,Yes,156,English,"$152,100.00",No
00026A,The University of Sydney,074120B,Doctor of Dental Medicine,No,06 - Health,0607 - Dental Studies,060701 - Dentistry,Masters Degree (Coursework),No,Yes,208,English,"$397,500.00",No
00026A,The University of Sydney,074172A,Graduate Certificate in Environmental Science,No,"05 - Agriculture, Environmental and Related Studies",0509 - Environmental Studies,"050900 - Environmental Studies, n.f.d.",Graduate Certificate,No,No,26,English,"$30,850.00",No
00026A,The University of Sydney,074173M,Graduate Diploma in Environmental Science,No,"05 - Agriculture, Environmental and Related Studies",0509 - Environmental Studies,"050900 - Environmental Studies, n.f.d.",Graduate Diploma,No,No,52,English,"$61,700.00",No
00026A,The University of Sydney,074184G,Graduate Diploma in Coaching Psychology,No,09 - Society and Culture,0907 - Behavioural Science,090701 - Psychology,Graduate Diploma,No,No,52,English,"$46,275.00",No
00026A,The University of Sydney,074185G,Master of Science in Coaching Psychology,No,09 - Society and Culture,0907 - Behavioural Science,090701 - Psychology,Masters Degree (Coursework),No,No,52,English,"$61,700.00",No
00026A,The University of Sydney,074245M,Bachelor of Applied Science (Exercise Physiology),No,06 - Health,0699 - Other Health,"069999 - Health, n.e.c.",Bachelor Degree,No,No,208,English,"$275,700.00",No
00026A,The University of Sydney,074381C,Bachelor of Project Management,No,03 - Engineering and Related Technologies,0399 - Other Engineering and Related Technologies,"039999 - Engineering and Related Technologies, n.e.c.",Bachelor Degree,No,No,156,English,"$187,300.00",No
00026A,The University of Sydney,074382B,Bachelor of Engineering and Bachelor of Project Management,No,03 - Engineering and Related Technologies,0399 - Other Engineering and Related Technologies,"039999 - Engineering and Related Technologies, n.e.c.",Bachelor Degree,No,Yes,260,English,"$321,700.00",No
00026A,The University of Sydney,074731G,Graduate Diploma in Marine Science and Management,No,01 - Natural and Physical Sciences,0109 - Biological Sciences,010907 - Marine Science,Graduate Diploma,No,No,52,English,"$61,700.00",No
00026A,The University of Sydney,074884B,Bachelor of Liberal Arts and Science Honours,No,09 - Society and Culture,0900 - Society and Culture,"090000 - Society and Culture, n.f.d.",Bachelor Honours Degree,No,No,52,English,"$56,300.00",No
00026A,The University of Sydney,075305G,Bachelor of Design in Architecture/Bachelor of Laws,Yes,04 - Architecture and Building,0401 - Architecture and Urban Environment,040101 - Architecture,Bachelor Degree,No,No,260,English,"$284,570.00",No
00026A,The University of Sydney,075432M,Bachelor of International and Global Studies (Honours),No,09 - Society and Culture,0999 - Other Society and Culture,"099999 - Society and Culture, n.e.c.",Bachelor Honours Degree,No,No,52,English,"$52,500.00",No
00026A,The University of Sydney,075521K,Bachelor of International Studies (Honours),No,09 - Society and Culture,0903 - Studies in Human Society,"090399 - Studies in Human Society, n.e.c.",Bachelor Honours Degree,No,No,52,English,"$46,000.00",No
00026A,The University of Sydney,075522J,"Bachelor of Political, Economic and Social Sciences (Honours)",No,09 - Society and Culture,0903 - Studies in Human Society,"090399 - Studies in Human Society, n.e.c.",Bachelor Honours Degree,No,No,52,English,"$52,500.00",No
00026A,The University of Sydney,076247D,Graduate Diploma in Clinical Dentistry (Surgical Dentistry),No,06 - Health,0607 - Dental Studies,060701 - Dentistry,Graduate Diploma,No,Yes,52,English,"$83,500.00",No
00026A,The University of Sydney,077102B,Graduate Diploma in Professional Accounting,No,08 - Management and Commerce,0801 - Accounting,080101 - Accounting,Graduate Diploma,No,No,52,English,"$61,700.00",No
00026A,The University of Sydney,077328F,Master of Commerce (Extension),No,08 - Management and Commerce,0803 - Business and Management,080301 - Business Management,Masters Degree (Coursework),No,No,104,English,"$125,300.00",No
00026A,The University of Sydney,077337E,Master of Professional Accounting,No,08 - Management and Commerce,0801 - Accounting,080101 - Accounting,Masters Degree (Coursework),No,No,104,English,"$125,300.00",No
00026A,The University of Sydney,077459F,Master of Music Studies (Opera Performance),No,10 - Creative Arts,1001 - Performing Arts ,100101 - Music,Masters Degree (Coursework),No,No,104,English,"$96,400.00",No
00026A,The University of Sydney,077462M,Bachelor of Environmental Systems (Honours),No,"05 - Agriculture, Environmental and Related Studies","0599 - Other Agriculture, Environmental and Related Studies","059999 - Agriculture, Environmental and Related Studies, n.e.c.",Bachelor Honours Degree,No,No,52,English,"$51,000.00",No
00026A,The University of Sydney,077463K,Master of Engineering,No,03 - Engineering and Related Technologies,0399 - Other Engineering and Related Technologies,"039999 - Engineering and Related Technologies, n.e.c.",Masters Degree (Coursework),No,No,78,English,"$87,700.00",No
00026A,The University of Sydney,077470M,Master of Professional Engineering,No,03 - Engineering and Related Technologies,0399 - Other Engineering and Related Technologies,"039999 - Engineering and Related Technologies, n.e.c.",Masters Degree (Coursework),No,Yes,156,English,"$178,900.00",No
00026A,The University of Sydney,077819J,Bachelor of Nursing (Honours),No,06 - Health,0603 - Nursing,"060399 - Nursing, n.e.c.",Bachelor Honours Degree,No,No,52,English,"$49,200.00",No
00026A,The University of Sydney,078670F,Master of Media Practice,No,10 - Creative Arts,1007 - Communication and Media Studies,"100700 - Communication and Media Studies, n.f.d.",Masters Degree (Coursework),No,No,78,English,"$86,800.00",No
00026A,The University of Sydney,078876C,Doctor of Philosophy in Agriculture (Cotutelle),No,"05 - Agriculture, Environmental and Related Studies",0501 - Agriculture,"050199 - Agriculture, n.e.c.",Doctoral Degree,No,No,208,English,,No
00026A,The University of Sydney,078877B,Doctor of Philosophy in Architecture (Cotutelle),No,04 - Architecture and Building,0401 - Architecture and Urban Environment,040101 - Architecture,Doctoral Degree,No,No,208,English,,No
00026A,The University of Sydney,078881F,Doctor of Philosophy in Law (Cotutelle),No,09 - Society and Culture,0909 - Law,"090999 - Law, n.e.c.",Doctoral Degree,No,No,208,English,,No
00026A,The University of Sydney,078882E,Doctor of Philosophy in Music (Cotutelle),No,10 - Creative Arts,1001 - Performing Arts ,100101 - Music,Doctoral Degree,No,No,208,English,,No
00026A,The University of Sydney,078886A,Doctor of Philosophy in Visual Arts (Cotutelle),No,10 - Creative Arts,1003 - Visual Arts and Crafts,"100300 - Visual Arts and Crafts, n.f.d.",Doctoral Degree,No,No,208,English,,No
00026A,The University of Sydney,079022G,Bachelor of Food and Agribusiness,No,08 - Management and Commerce,0803 - Business and Management,080321 - Farm Management and Agribusiness,Bachelor Degree,No,Yes,208,English,"$213,360.00",No
00026A,The University of Sydney,079025E,Master of Digital Communication and Culture,No,10 - Creative Arts,1007 - Communication and Media Studies,"100799 - Communication and Media Studies, n.e.c.",Masters Degree (Coursework),No,No,78,English,"$81,950.00",No
00026A,The University of Sydney,079198F,Graduate Certificate in Economics,No,09 - Society and Culture,0919 - Economics and Econometrics,091901 - Economics,Graduate Certificate,No,No,26,English,"$30,850.00",No
00026A,The University of Sydney,079200F,Graduate Certificate in Economic Analysis,No,09 - Society and Culture,0919 - Economics and Econometrics,091903 - Econometrics,Graduate Certificate,No,No,26,English,"$30,850.00",No
00026A,The University of Sydney,079201E,Graduate Diploma in Economic Analysis,No,09 - Society and Culture,0919 - Economics and Econometrics,091903 - Econometrics,Graduate Diploma,No,No,52,English,"$61,700.00",No
00026A,The University of Sydney,079202D,Master of Economic Analysis,No,09 - Society and Culture,0919 - Economics and Econometrics,091903 - Econometrics,Masters Degree (Coursework),No,No,78,English,"$93,500.00",No
00026A,The University of Sydney,079203C,Graduate Certificate in International Relations,No,09 - Society and Culture,0901 - Political Science and Policy Studies ,090101 - Political Science,Graduate Certificate,No,No,26,English,"$27,050.00",No
00026A,The University of Sydney,079204B,Graduate Diploma in International Relations,No,09 - Society and Culture,0901 - Political Science and Policy Studies ,090101 - Political Science,Graduate Diploma,No,No,52,English,"$54,100.00",No
00026A,The University of Sydney,079205A,Master of International Relations,No,09 - Society and Culture,0901 - Political Science and Policy Studies ,090101 - Political Science,Masters Degree (Coursework),No,No,104,English,"$109,800.00",No
00026A,The University of Sydney,079206M,Graduate Certificate in Museum and Heritage Studies,No,09 - Society and Culture,"0913 - Librarianship, Information Management and Curatorial Studies",091303 - Curatorial Studies,Graduate Certificate,No,No,26,English,"$25,650.00",No
00026A,The University of Sydney,079207K,Graduate Diploma in Museum and Heritage Studies,No,09 - Society and Culture,"0913 - Librarianship, Information Management and Curatorial Studies",091303 - Curatorial Studies,Graduate Diploma,No,No,52,English,"$51,300.00",No
00026A,The University of Sydney,079208J,Master of Museum and Heritage Studies,No,09 - Society and Culture,"0913 - Librarianship, Information Management and Curatorial Studies",091303 - Curatorial Studies,Masters Degree (Coursework),No,No,78,English,"$77,700.00",No
00026A,The University of Sydney,079209G,Graduate Certificate in Art Curating,No,09 - Society and Culture,"0913 - Librarianship, Information Management and Curatorial Studies",091303 - Curatorial Studies,Graduate Certificate,No,No,26,English,"$25,650.00",No
00026A,The University of Sydney,079210D,Graduate Diploma in Art Curating,No,09 - Society and Culture,"0913 - Librarianship, Information Management and Curatorial Studies",091303 - Curatorial Studies,Graduate Diploma,No,No,52,English,"$51,300.00",No
00026A,The University of Sydney,079211C,Master of Art Curating,No,09 - Society and Culture,"0913 - Librarianship, Information Management and Curatorial Studies",091303 - Curatorial Studies,Masters Degree (Coursework),No,No,78,English,"$77,700.00",No
00026A,The University of Sydney,079212B,Graduate Certificate in English Studies,No,09 - Society and Culture,0915 - Language and Literature,091523 - Literature,Graduate Certificate,No,No,26,English,"$25,650.00",No
00026A,The University of Sydney,079213A,Graduate Diploma in English Studies,No,09 - Society and Culture,0915 - Language and Literature,091523 - Literature,Graduate Diploma,No,No,52,English,"$51,300.00",No
00026A,The University of Sydney,079214M,Master of English Studies,No,09 - Society and Culture,0915 - Language and Literature,091523 - Literature,Masters Degree (Coursework),No,No,78,English,"$77,700.00",No
00026A,The University of Sydney,079215K,Bachelor of Applied Science (Diagnostic Radiography),No,06 - Health,0615 - Radiography,061501 - Radiography,Bachelor Degree,No,Yes,208,English,"$275,700.00",No
00026A,The University of Sydney,079216J,Doctor of Medicine,No,06 - Health,0601 - Medical Studies,060101 - General Medicine,Masters Degree (Coursework),No,Yes,208,English,"$405,800.00",No
00026A,The University of Sydney,079217G,Bachelor of Medical Science/Doctor of Medicine,Yes,01 - Natural and Physical Sciences,0199 - Other Natural and Physical Sciences,019901 - Medical Science,Masters Degree (Coursework),No,No,364,English,"$570,400.00",No
00026A,The University of Sydney,079218G,Bachelor of Science and Doctor of Medicine,Yes,01 - Natural and Physical Sciences,0199 - Other Natural and Physical Sciences,"019900 - Natural and Physical Sciences, n.f.d.",Masters Degree (Coursework),No,Yes,364,English,"$630,900.00",No
00026A,The University of Sydney,079222M,Bachelor of Veterinary Biology/Doctor of Veterinary Medicine,Yes,06 - Health,0611 - Veterinary Studies,061101 - Veterinary Science,Masters Degree (Extended),No,Yes,312,English,"$475,600.00",No
00026A,The University of Sydney,079223K,Bachelor of Veterinary Biology (Hons),No,06 - Health,0611 - Veterinary Studies,"061199 - Veterinary Studies, n.e.c.",Bachelor Honours Degree,No,No,52,English,"$72,000.00",No
00026A,The University of Sydney,079224J,Doctor of Veterinary Medicine,No,06 - Health,0611 - Veterinary Studies,061101 - Veterinary Science,Masters Degree (Extended),No,Yes,208,English,"$336,800.00",No
00026A,The University of Sydney,079240J,Graduate Diploma in Primary Health Care,No,06 - Health,0603 - Nursing,060301 - General Nursing,Graduate Diploma,No,No,52,English,"$48,900.00",No
00026A,The University of Sydney,079241G,Master of Primary Health Care,No,06 - Health,0603 - Nursing,060301 - General Nursing,Masters Degree (Coursework),No,No,78,English,"$61,490.00",No
00026A,The University of Sydney,079526F,Graduate Certificate in Design Science (Illumination Design),No,04 - Architecture and Building,0401 - Architecture and Urban Environment,040107 - Interior and Environmental Design,Graduate Certificate,No,No,26,English,"$24,850.00",No
00026A,The University of Sydney,079527E,Graduate Diploma in Design Science (Illumination Design),No,04 - Architecture and Building,0401 - Architecture and Urban Environment,040107 - Interior and Environmental Design,Graduate Diploma,No,No,52,English,"$49,700.00",No
00026A,The University of Sydney,079640D,Master of Cultural Studies,No,09 - Society and Culture,0903 - Studies in Human Society,"090399 - Studies in Human Society, n.e.c.",Masters Degree (Coursework),No,No,78,English,"$77,700.00",No
00026A,The University of Sydney,079641C,Master of Health Communication,No,06 - Health,0613 - Public Health,061307 - Health Promotion,Masters Degree (Coursework),No,No,78,English,"$81,950.00",No
00026A,The University of Sydney,079642B,Master of Political Economy,No,09 - Society and Culture,0901 - Political Science and Policy Studies ,090101 - Political Science,Masters Degree (Coursework),No,No,78,English,"$81,950.00",No
00026A,The University of Sydney,079643A,Master of Publishing,No,10 - Creative Arts,1007 - Communication and Media Studies,"100799 - Communication and Media Studies, n.e.c.",Masters Degree (Coursework),No,No,78,English,"$77,700.00",No
00026A,The University of Sydney,079644M,Master of Strategic Public Relations,No,10 - Creative Arts,1007 - Communication and Media Studies,"100799 - Communication and Media Studies, n.e.c.",Masters Degree (Coursework),No,No,78,English,"$77,700.00",No
00026A,The University of Sydney,081031M,Graduate Certificate in Bioethics,No,01 - Natural and Physical Sciences,0109 - Biological Sciences,"010999 - Biological Sciences, n.e.c.",Graduate Certificate,No,No,26,English,"$30,850.00",No
00026A,The University of Sydney,082877A,Master of Environmental Science,No,"05 - Agriculture, Environmental and Related Studies",0509 - Environmental Studies,"050999 - Environmental Studies, n.e.c.",Masters Degree (Coursework),No,No,78,English,"$93,500.00",No
00026A,The University of Sydney,082878M,Master of Clinical Psychology,No,09 - Society and Culture,0907 - Behavioural Science,090701 - Psychology,Masters Degree (Coursework),No,Yes,104,English,"$125,300.00",No
00026A,The University of Sydney,082879K,Bachelor of Architecture and Environments,No,04 - Architecture and Building,0401 - Architecture and Urban Environment,"040199 - Architecture and Urban Environment, n.e.c.",Bachelor Degree,No,No,156,English,"$162,300.00",No
00026A,The University of Sydney,082893A,Bachelor of Architecture and Environments (Honours),No,04 - Architecture and Building,0401 - Architecture and Urban Environment,"040199 - Architecture and Urban Environment, n.e.c.",Bachelor Honours Degree,No,No,52,English,"$52,500.00",No
00026A,The University of Sydney,082894M,Graduate Certificate in Architectural Science,No,04 - Architecture and Building,0403 - Building,040301 - Building Science and Technology,Graduate Certificate,No,No,26,English,"$24,850.00",No
00026A,The University of Sydney,082895K,Graduate Diploma in Architectural Science,No,04 - Architecture and Building,0403 - Building,040301 - Building Science and Technology,Graduate Diploma,No,No,52,English,"$49,700.00",No
00026A,The University of Sydney,082896J,Master of Architectural Science (One Stream),No,04 - Architecture and Building,0403 - Building,040301 - Building Science and Technology,Masters Degree (Coursework),No,No,78,English,"$75,300.00",No
00026A,The University of Sydney,082897G,Master of Architectural Science (Two streams),No,04 - Architecture and Building,0403 - Building,040301 - Building Science and Technology,Masters Degree (Coursework),No,No,104,English,"$100,900.00",No
00026A,The University of Sydney,082898G,Master of Urbanism,No,04 - Architecture and Building,0403 - Building,040301 - Building Science and Technology,Masters Degree (Coursework),No,No,104,English,"$100,900.00",No
00026A,The University of Sydney,082899F,Master of Applied Linguistics,No,09 - Society and Culture,0915 - Language and Literature,091521 - Linguistics,Masters Degree (Coursework),No,No,78,English,"$77,700.00",No
00026A,The University of Sydney,082900G,Master of Creative Writing,No,10 - Creative Arts,1007 - Communication and Media Studies,100705 - Written Communication,Masters Degree (Coursework),No,No,78,English,"$77,700.00",No
00026A,The University of Sydney,082901F,Master of Crosscultural Communication,No,10 - Creative Arts,1007 - Communication and Media Studies,"100799 - Communication and Media Studies, n.e.c.",Masters Degree (Coursework),No,No,78,English,"$77,700.00",No
00026A,The University of Sydney,082903D,Master of Development Studies,No,09 - Society and Culture,0903 - Studies in Human Society,"090300 - Studies in Human Society, n.f.d.",Masters Degree (Coursework),No,No,78,English,"$77,700.00",No
00026A,The University of Sydney,082905B,Master of Human Rights,No,09 - Society and Culture,0903 - Studies in Human Society,"090300 - Studies in Human Society, n.f.d.",Masters Degree (Coursework),No,No,78,English,"$77,700.00",No
00026A,The University of Sydney,082906A,Master of International Security,No,09 - Society and Culture,0901 - Political Science and Policy Studies ,"090100 - Political Science and Policy Studies, n.f.d.",Masters Degree (Coursework),No,No,104,English,"$109,800.00",No
00026A,The University of Sydney,082907M,Master of International Studies,No,09 - Society and Culture,0901 - Political Science and Policy Studies ,"090100 - Political Science and Policy Studies, n.f.d.",Masters Degree (Coursework),No,No,104,English,"$109,800.00",No
00026A,The University of Sydney,082908K,Master of Peace and Conflict Studies,No,09 - Society and Culture,0999 - Other Society and Culture,"099999 - Society and Culture, n.e.c.",Masters Degree (Coursework),No,No,78,English,"$77,700.00",No
00026A,The University of Sydney,082909J,Master of Public Policy,No,09 - Society and Culture,0901 - Political Science and Policy Studies ,090103 - Policy Studies,Masters Degree (Coursework),No,No,104,English,"$109,800.00",No
00026A,The University of Sydney,082910E,Master of US Studies,No,09 - Society and Culture,0901 - Political Science and Policy Studies ,"090100 - Political Science and Policy Studies, n.f.d.",Masters Degree (Coursework),No,No,104,English,"$109,800.00",No
00026A,The University of Sydney,082911D,Bachelor of Project Management (Honours),No,08 - Management and Commerce,0803 - Business and Management,080315 - Project Management,Bachelor Honours Degree,No,No,52,English,"$60,600.00",No
00026A,The University of Sydney,082912C,Master of Information Technology,No,02 - Information Technology,0200 - Information Technology,"020000 - Information Technology, n.f.d.",Masters Degree (Coursework),No,No,78,English,"$87,700.00",No
00026A,The University of Sydney,082913B,Master of Information Technology Management,No,02 - Information Technology,0299 - Other Information Technology,"029999 - Information Technology, n.e.c.",Masters Degree (Coursework),No,No,78,English,"$87,700.00",No
00026A,The University of Sydney,082914A,Master of Project Management,No,08 - Management and Commerce,0803 - Business and Management,080315 - Project Management,Masters Degree (Coursework),No,No,78,English,"$87,700.00",No
00026A,The University of Sydney,082918G,Master of Clinical Psychology & Doctor of Philosophy,Yes,09 - Society and Culture,0907 - Behavioural Science,090701 - Psychology,Doctoral Degree,No,Yes,234,English,"$279,090.00",No
00026A,The University of Sydney,083109M,Bachelor of Engineering (Honours),No,03 - Engineering and Related Technologies,0300 - Engineering and Related Technologies,"030000 - Engineering and Related Technologies, n.f.d.",Bachelor Honours Degree,No,Yes,208,English,"$253,500.00",No
00026A,The University of Sydney,083286E,Master of Contemporary Art,No,10 - Creative Arts,1003 - Visual Arts and Crafts,100301 - Fine Arts,Masters Degree (Coursework),No,No,78,English,"$75,300.00",No
00026A,The University of Sydney,083287D,Master of Moving Image,No,10 - Creative Arts,1003 - Visual Arts and Crafts,"100399 - Visual Arts and Crafts, n.e.c.",Masters Degree (Coursework),No,No,78,English,"$75,300.00",No
00026A,The University of Sydney,083314F,Direct Entry Course,No,09 - Society and Culture,0915 - Language and Literature,091501 - ELICOS,Non AQF Award,No,No,41,English,"$24,624.00",No
00026A,The University of Sydney,083318B,Master of Marine Science and Management,No,01 - Natural and Physical Sciences,0109 - Biological Sciences,010907 - Marine Science,Masters Degree (Coursework),No,No,78,English,"$93,500.00",No
00026A,The University of Sydney,083319A,Executive Master of Arts and Social Sciences,No,09 - Society and Culture,0903 - Studies in Human Society,"090399 - Studies in Human Society, n.e.c.",Masters Degree (Coursework),No,No,104,English,"$109,800.00",No
00026A,The University of Sydney,083631D,Bachelor of Engineering (Honours) and Bachelor of Arts,Yes,03 - Engineering and Related Technologies,0300 - Engineering and Related Technologies,"030000 - Engineering and Related Technologies, n.f.d.",Bachelor Honours Degree,No,Yes,260,English,"$321,700.00",No
00026A,The University of Sydney,083632C,Bachelor of Engineering (Honours) and Bachelor of Commerce,Yes,03 - Engineering and Related Technologies,0300 - Engineering and Related Technologies,"030000 - Engineering and Related Technologies, n.f.d.",Bachelor Honours Degree,No,Yes,260,English,"$321,700.00",No
00026A,The University of Sydney,083633B,Bachelor of Engineering (Honours) and Bachelor of Design in Architecture,Yes,03 - Engineering and Related Technologies,0300 - Engineering and Related Technologies,"030000 - Engineering and Related Technologies, n.f.d.",Bachelor Honours Degree,No,Yes,260,English,"$321,700.00",No
00026A,The University of Sydney,083634A,Bachelor of Engineering (Honours) and Bachelor of Laws,Yes,03 - Engineering and Related Technologies,0300 - Engineering and Related Technologies,"030000 - Engineering and Related Technologies, n.f.d.",Bachelor Honours Degree,No,Yes,312,English,"$364,000.00",No
00026A,The University of Sydney,083635M,Bachelor of Engineering (Honours) and Bachelor of Medical Science,Yes,03 - Engineering and Related Technologies,0300 - Engineering and Related Technologies,"030000 - Engineering and Related Technologies, n.f.d.",Bachelor Honours Degree,No,Yes,260,English,"$332,900.00",No
00026A,The University of Sydney,083636K,Bachelor of Engineering (Honours) and Bachelor of Project Management,Yes,03 - Engineering and Related Technologies,0300 - Engineering and Related Technologies,"030000 - Engineering and Related Technologies, n.f.d.",Bachelor Honours Degree,No,Yes,260,English,"$321,700.00",No
00026A,The University of Sydney,083637J,Bachelor of Engineering (Honours) and Bachelor of Science,Yes,03 - Engineering and Related Technologies,0300 - Engineering and Related Technologies,"030000 - Engineering and Related Technologies, n.f.d.",Bachelor Honours Degree,No,Yes,260,English,"$321,700.00",No
00026A,The University of Sydney,083638G,Master of Information Technology and Master of Information Technology Management,Yes,02 - Information Technology,0200 - Information Technology,"020000 - Information Technology, n.f.d.",Masters Degree (Coursework),No,No,104,English,"$117,500.00",No
00026A,The University of Sydney,083641B,Graduate Diploma in Computing,No,02 - Information Technology,0200 - Information Technology,"020000 - Information Technology, n.f.d.",Graduate Diploma,No,No,78,English,"$63,500.00",No
00026A,The University of Sydney,083644K,Master of Medicine (Advanced),No,06 - Health,0601 - Medical Studies,"060100 - Medical Studies, n.f.d.",Masters Degree (Coursework),No,No,78,English,"$77,600.00",No
00026A,The University of Sydney,083645J,Master of Science in Medicine,No,06 - Health,0601 - Medical Studies,"060100 - Medical Studies, n.f.d.",Masters Degree (Coursework),No,No,52,English,"$61,700.00",No
00026A,The University of Sydney,083646G,Master of Science in Medicine (Advanced),No,06 - Health,0601 - Medical Studies,"060100 - Medical Studies, n.f.d.",Masters Degree (Coursework),No,No,78,English,"$77,600.00",No
00026A,The University of Sydney,083647G,Graduate Diploma in Medicine,No,06 - Health,0601 - Medical Studies,"060100 - Medical Studies, n.f.d.",Graduate Diploma,No,No,52,English,"$46,275.00",No
00026A,The University of Sydney,083648F,Graduate Diploma in Science in Medicine,No,06 - Health,0601 - Medical Studies,"060100 - Medical Studies, n.f.d.",Graduate Diploma,No,No,52,English,"$46,275.00",No
00026A,The University of Sydney,083649E,Graduate Certificate in Medicine,No,06 - Health,0601 - Medical Studies,"060100 - Medical Studies, n.f.d.",Graduate Certificate,No,No,26,English,"$30,850.00",No
00026A,The University of Sydney,083650A,Graduate Certificate in Science in Medicine,No,06 - Health,0601 - Medical Studies,"060100 - Medical Studies, n.f.d.",Graduate Certificate,No,No,26,English,"$30,850.00",No
00026A,The University of Sydney,083651M,Master of Environmental Science and Law,No,"05 - Agriculture, Environmental and Related Studies",0509 - Environmental Studies,"050999 - Environmental Studies, n.e.c.",Masters Degree (Coursework),No,No,78,English,"$93,500.00",No
00026A,The University of Sydney,083950M,Master of Economics,No,09 - Society and Culture,0919 - Economics and Econometrics,091901 - Economics,Masters Degree (Coursework),No,No,104,English,"$125,300.00",No
00026A,The University of Sydney,083976A,Master of Health Technology Innovation,No,02 - Information Technology,0299 - Other Information Technology,"029999 - Information Technology, n.e.c.",Masters Degree (Coursework),No,No,104,English,"$117,500.00",No
00026A,The University of Sydney,083977M,Graduate Diploma in Health Technology Innovation,No,02 - Information Technology,0299 - Other Information Technology,"029999 - Information Technology, n.e.c.",Graduate Diploma,No,No,78,English,"$72,800.00",No
00026A,The University of Sydney,084691F,Master of Advanced Nursing Practice,No,06 - Health,0603 - Nursing,"060399 - Nursing, n.e.c.",Masters Degree (Coursework),No,No,78,English,"$61,490.00",No
00026A,The University of Sydney,084692E,Graduate Diploma in Advanced Nursing Practice,No,06 - Health,0603 - Nursing,"060399 - Nursing, n.e.c.",Graduate Diploma,No,No,52,English,"$48,900.00",No
00026A,The University of Sydney,084693D,Master of Agriculture and Environment,No,"05 - Agriculture, Environmental and Related Studies",0501 - Agriculture,"050199 - Agriculture, n.e.c.",Masters Degree (Coursework),No,No,78,English,"$87,700.00",No
00026A,The University of Sydney,084694C,Graduate Diploma in Agriculture and Environment,No,"05 - Agriculture, Environmental and Related Studies",0501 - Agriculture,"050199 - Agriculture, n.e.c.",Graduate Diploma,No,No,52,English,"$57,900.00",No
00026A,The University of Sydney,084696A,Master of Veterinary Studies,No,06 - Health,0611 - Veterinary Studies,"061199 - Veterinary Studies, n.e.c.",Masters Degree (Coursework),No,No,78,English,"$93,500.00",No
00026A,The University of Sydney,085342G,Bachelor of Science and Doctor of Dental Medicine,Yes,01 - Natural and Physical Sciences,0199 - Other Natural and Physical Sciences,"019900 - Natural and Physical Sciences, n.f.d.",Masters Degree (Coursework),No,Yes,364,English,"$621,500.00",No
00026A,The University of Sydney,085860G,Graduate Certificate in Health Security,No,12 - Mixed Field Programmes,1299 - Other Mixed Field Programmes,"129999 - Mixed Field Programmes, n.e.c.",Graduate Certificate,No,No,26,English,"$30,850.00",No
00026A,The University of Sydney,085862F,Master of Health Security,No,12 - Mixed Field Programmes,1299 - Other Mixed Field Programmes,"129999 - Mixed Field Programmes, n.e.c.",Masters Degree (Coursework),No,No,104,English,"$125,300.00",No
00026A,The University of Sydney,086045J,Advanced Skills for Academic Success,No,09 - Society and Culture,0915 - Language and Literature,091501 - ELICOS,Non AQF Award,No,No,4,English,"$1,950.00",No
00026A,The University of Sydney,086047G,Graduate Academic Skills,No,09 - Society and Culture,0915 - Language and Literature,091501 - ELICOS,Non AQF Award,No,No,7,English,"$2,920.00",No
00026A,The University of Sydney,086268E,Bachelor of Project Management and Bachelor of Arts,Yes,08 - Management and Commerce,0803 - Business and Management,080315 - Project Management,Bachelor Degree,No,No,260,English,"$321,700.00",No
00026A,The University of Sydney,086272J,Bachelor of Engineering (Honours) and Bachelor of Music Studies,Yes,03 - Engineering and Related Technologies,0399 - Other Engineering and Related Technologies,"039999 - Engineering and Related Technologies, n.e.c.",Bachelor Honours Degree,No,Yes,260,English,"$321,700.00",No
00026A,The University of Sydney,086400F,Master of Philosophy (Science),No,01 - Natural and Physical Sciences,0100 - Natural and Physical Sciences,"010000 - Natural and Physical Sciences, n.f.d.",Masters Degree (Research),No,No,104,English,"$109,800.00",No
00026A,The University of Sydney,087980F,Graduate Certificate in Data Science,No,02 - Information Technology,0299 - Other Information Technology,"029999 - Information Technology, n.e.c.",Graduate Certificate,No,No,26,English,"$28,950.00",No
00026A,The University of Sydney,087981E,Master of Data Science,No,02 - Information Technology,0299 - Other Information Technology,"029999 - Information Technology, n.e.c.",Masters Degree (Coursework),No,No,52,English,"$57,900.00",No
00026A,The University of Sydney,088106G,Bachelor of Applied Science (Exercise Physiology),No,06 - Health,0699 - Other Health,069903 - Human Movement,Bachelor Degree,No,Yes,208,English,"$275,700.00",No
00026A,The University of Sydney,088318F,Master of Interaction Design and Electronic Arts (with specialisation),No,03 - Engineering and Related Technologies,0313 - Electrical and Electronic Engineering and Technology,031305 - Computer Engineering,Masters Degree (Coursework),No,No,104,English,"$104,100.00",No
00026A,The University of Sydney,088554E,Visiting Researcher Program (52 weeks),No,12 - Mixed Field Programmes,1299 - Other Mixed Field Programmes,"129999 - Mixed Field Programmes, n.e.c.",Non AQF Award,No,No,52,English,$0.00,No
00026A,The University of Sydney,088555D,Visiting Researcher Program (104 weeks),No,12 - Mixed Field Programmes,1299 - Other Mixed Field Programmes,"129999 - Mixed Field Programmes, n.e.c.",Non AQF Award,No,No,104,English,$0.00,No
00026A,The University of Sydney,088746G,Graduate Diploma in Logistics and Supply Chain Management,No,08 - Management and Commerce,0899 - Other Management and Commerce,"089999 - Management and Commerce, n.e.c.",Graduate Diploma,No,No,52,English,"$46,275.00",No
00026A,The University of Sydney,088747G,Master of Logistics and Supply Chain Management,No,08 - Management and Commerce,0899 - Other Management and Commerce,"089999 - Management and Commerce, n.e.c.",Masters Degree (Coursework),No,No,78,English,"$77,600.00",No
00026A,The University of Sydney,089436C,Bachelor of Pharmacy and Management,No,06 - Health,0605 - Pharmacy,060501 - Pharmacy,Bachelor Degree,No,Yes,260,English,"$321,700.00",No
00026A,The University of Sydney,089556F,University of Sydney High Achievers Preparation Program,No,12 - Mixed Field Programmes,1201 - General Education Programmes,"120199 - General Education Programmes, n.e.c.",Non AQF Award,No,No,14,English,"$31,300.00",No
00026A,The University of Sydney,089810G,Master of Complex Systems,No,03 - Engineering and Related Technologies,0309 - Civil Engineering,"030900 - Civil Engineering, n.f.d.",Masters Degree (Coursework),No,No,104,English,"$117,500.00",No
00026A,The University of Sydney,089811G,Graduate Diploma in Complex Systems,No,03 - Engineering and Related Technologies,0309 - Civil Engineering,"030900 - Civil Engineering, n.f.d.",Graduate Diploma,No,No,52,English,"$57,900.00",No
00026A,The University of Sydney,090281G,Bachelor of Education (Health and Physical Education),No,07 - Education,0701 - Teacher Education,070105 - Teacher Education: Secondary,Bachelor Degree,No,Yes,208,English,"$253,500.00",No
00026A,The University of Sydney,090778D,Graduate Diploma in Moving Image,No,10 - Creative Arts,1003 - Visual Arts and Crafts,"100399 - Visual Arts and Crafts, n.e.c.",Graduate Diploma,No,No,52,English,"$41,000.00",No
00026A,The University of Sydney,090781J,Bachelor of Design in Architecture (Honours) and Master of Architecture,No,04 - Architecture and Building,0401 - Architecture and Urban Environment,040101 - Architecture,Masters Degree (Coursework),No,No,260,English,"$278,800.00",No
00026A,The University of Sydney,093678F,Graduate Diploma in Business Law,No,09 - Society and Culture,0909 - Law,090901 - Business and Commercial Law,Graduate Diploma,No,No,26,English,"$30,850.00",No
00026A,The University of Sydney,093741D,Bachelor of Arts and Bachelor of Advanced Studies,No,09 - Society and Culture,0999 - Other Society and Culture,"099999 - Society and Culture, n.e.c.",Bachelor Degree,No,No,208,English,"$219,700.00",No
00026A,The University of Sydney,093742C,Bachelor of Economics and Bachelor of Advanced Studies,No,09 - Society and Culture,0919 - Economics and Econometrics,091901 - Economics,Bachelor Degree,No,No,208,English,"$235,500.00",No
00026A,The University of Sydney,093743B,Bachelor of Commerce and Bachelor of Advanced Studies,No,08 - Management and Commerce,0800 - Management and Commerce,"080000 - Management and Commerce, n.f.d.",Bachelor Degree,No,No,208,English,"$235,500.00",No
00026A,The University of Sydney,093744A,Bachelor of Science and Bachelor of Advanced Studies,No,01 - Natural and Physical Sciences,0100 - Natural and Physical Sciences,"010000 - Natural and Physical Sciences, n.f.d.",Bachelor Degree,No,No,208,English,"$253,500.00",No
00026A,The University of Sydney,093745M,Bachelor of Design Computing and Bachelor of Advanced Studies,No,04 - Architecture and Building,0401 - Architecture and Urban Environment,"040199 - Architecture and Urban Environment, n.e.c.",Bachelor Degree,No,No,208,English,"$209,180.00",No
00026A,The University of Sydney,093749G,Bachelor of Computing,No,02 - Information Technology,0200 - Information Technology,"020000 - Information Technology, n.f.d.",Bachelor Degree,No,No,156,English,"$187,300.00",No
00026A,The University of Sydney,093751B,Bachelor of Arts and Doctor of Medicine,Yes,09 - Society and Culture,0900 - Society and Culture,"090000 - Society and Culture, n.f.d.",Masters Degree (Extended),No,Yes,364,English,"$630,900.00",No
00026A,The University of Sydney,093855E,Bachelor of Advanced Computing,No,02 - Information Technology,0200 - Information Technology,"020000 - Information Technology, n.f.d.",Bachelor Degree,No,No,208,English,"$253,500.00",No
00026A,The University of Sydney,093856D,Bachelor of Advanced Computing/Bachelor of Science,Yes,02 - Information Technology,0201 - Computer Science,"020100 - Computer Science, n.f.d.",Bachelor Degree,No,No,260,English,"$321,700.00",No
00026A,The University of Sydney,093857C,Bachelor of Advanced Computing/Bachelor of Commerce,Yes,02 - Information Technology,0200 - Information Technology,"020000 - Information Technology, n.f.d.",Bachelor Degree,No,No,260,English,"$321,700.00",No
00026A,The University of Sydney,094170D,Bachelor of Visual Arts and Bachelor of Advanced Studies,No,10 - Creative Arts,1003 - Visual Arts and Crafts,100301 - Fine Arts,Bachelor Degree,No,No,208,English,"$205,900.00",No
00026A,The University of Sydney,094484G,Bachelor of Music,No,10 - Creative Arts,1001 - Performing Arts ,100101 - Music,Bachelor Degree,No,No,208,English,"$210,500.00",No
00026A,The University of Sydney,095861B,Master of Business Administration (Leadership and Enterprise),No,08 - Management and Commerce,0803 - Business and Management,080301 - Business Management,Masters Degree (Coursework),No,No,78,English,"$91,050.00",No
00026A,The University of Sydney,096314K,Master of Crosscultural and Applied Linguistics,No,09 - Society and Culture,0915 - Language and Literature,091521 - Linguistics,Masters Degree (Coursework),No,No,104,English,"$104,100.00",No
00026A,The University of Sydney,096315J,Graduate Diploma of Crosscultural and Applied Linguistics,No,09 - Society and Culture,0915 - Language and Literature,091521 - Linguistics,Graduate Diploma,No,No,52,English,"$51,300.00",No
00026A,The University of Sydney,096316G,Graduate Certificate of Crosscultural and Applied Linguistics,No,09 - Society and Culture,0915 - Language and Literature,091521 - Linguistics,Graduate Certificate,No,No,26,English,"$25,650.00",No
00026A,The University of Sydney,096317G,Graduate Diploma in Computing,No,02 - Information Technology,0201 - Computer Science,"020100 - Computer Science, n.f.d.",Graduate Diploma,No,No,52,English,"$55,100.00",No
00026A,The University of Sydney,096318F,Graduate Certificate in Computing,No,02 - Information Technology,0201 - Computer Science,"020100 - Computer Science, n.f.d.",Graduate Certificate,No,No,26,English,"$25,250.00",No
00026A,The University of Sydney,097035J,Master of Mathematical Sciences,No,01 - Natural and Physical Sciences,0101 - Mathematical Sciences,"010199 - Mathematical Sciences, n.e.c.",Masters Degree (Coursework),No,No,104,English,"$125,300.00",No
00026A,The University of Sydney,097036G,Bachelor of Science and Master of Mathematical Sciences,Yes,01 - Natural and Physical Sciences,0199 - Other Natural and Physical Sciences,"019999 - Natural and Physical Sciences, n.e.c.",Masters Degree (Coursework),No,No,234,English,"$289,550.00",No
00026A,The University of Sydney,097037G,Master of Public Health,No,06 - Health,0613 - Public Health,"061399 - Public Health, n.e.c.",Masters Degree (Coursework),No,No,78,English,"$93,500.00",No
00026A,The University of Sydney,097038F,Master of Global Health,No,06 - Health,0613 - Public Health,"061399 - Public Health, n.e.c.",Masters Degree (Coursework),No,No,78,English,"$93,500.00",No
00026A,The University of Sydney,097699B,Graduate Certificate in Project and Program Management,No,08 - Management and Commerce,0803 - Business and Management,080315 - Project Management,Graduate Certificate,No,No,26,English,"$28,950.00",No
00026A,The University of Sydney,097700C,Master of Project and Program Management,No,08 - Management and Commerce,0803 - Business and Management,080315 - Project Management,Masters Degree (Coursework),No,No,52,English,"$57,900.00",No
00026A,The University of Sydney,097886K,Graduate Diploma in Design,No,10 - Creative Arts,1005 - Graphic and Design Studies,100501 - Graphic Arts and Design Studies,Graduate Diploma,No,No,52,English,"$51,300.00",No
00026A,The University of Sydney,097889G,Master of Design,No,10 - Creative Arts,1005 - Graphic and Design Studies,100501 - Graphic Arts and Design Studies,Masters Degree (Coursework),No,No,104,English,"$104,100.00",No
00026A,The University of Sydney,098246A,Master of Design,No,10 - Creative Arts,1005 - Graphic and Design Studies,100501 - Graphic Arts and Design Studies,Masters Degree (Coursework),No,No,78,English,"$77,700.00",No
00026A,The University of Sydney,098247M,Master of Professional Engineering (Accelerated),No,03 - Engineering and Related Technologies,0399 - Other Engineering and Related Technologies,"039999 - Engineering and Related Technologies, n.e.c.",Masters Degree (Coursework),No,Yes,104,English,"$117,500.00",No
00026A,The University of Sydney,098597M,Graduate Diploma in Communication Disorders,No,06 - Health,0617 - Rehabilitation Therapies,"061799 - Rehabilitation Therapies, n.e.c.",Graduate Diploma,No,No,52,English,"$54,000.00",No
00026A,The University of Sydney,099884G,Bachelor of Advanced Studies,No,12 - Mixed Field Programmes,1299 - Other Mixed Field Programmes,"129999 - Mixed Field Programmes, n.e.c.",Bachelor Degree,No,No,52,English,"$56,300.00",No
00026A,The University of Sydney,099888C,Graduate Certificate in Transport,No,03 - Engineering and Related Technologies,0309 - Civil Engineering,030909 - Transport Engineering,Graduate Certificate,No,No,26,English,"$30,850.00",No
00026A,The University of Sydney,099889B,Graduate Diploma in Transport,No,03 - Engineering and Related Technologies,0309 - Civil Engineering,030909 - Transport Engineering,Graduate Diploma,No,No,52,English,"$61,700.00",No
00026A,The University of Sydney,099890J,Master of Transport,No,03 - Engineering and Related Technologies,0309 - Civil Engineering,030909 - Transport Engineering,Masters Degree (Coursework),No,No,78,English,"$93,500.00",No
00026A,The University of Sydney,102403K,Master of Dental Public Health,No,06 - Health,0607 - Dental Studies,060701 - Dentistry,Masters Degree (Coursework),No,No,52,English,"$61,700.00",No
00026A,The University of Sydney,102404J,Master of Biomedical Science (Infection and Immunity),No,01 - Natural and Physical Sciences,0199 - Other Natural and Physical Sciences,019901 - Medical Science,Masters Degree (Coursework),No,No,52,English,"$61,700.00",No
00026A,The University of Sydney,102405H,Graduate Diploma in Biomedical Sciences (Infection and Immunity),No,01 - Natural and Physical Sciences,0199 - Other Natural and Physical Sciences,019901 - Medical Science,Graduate Diploma,No,No,52,English,"$61,700.00",No
00026A,The University of Sydney,102406G,Graduate Certificate in Biomedical Science (Infection and Immunity),No,01 - Natural and Physical Sciences,0199 - Other Natural and Physical Sciences,019901 - Medical Science,Graduate Certificate,No,No,26,English,"$30,850.00",No
00026A,The University of Sydney,102408E,Master of Complex Systems,No,03 - Engineering and Related Technologies,0309 - Civil Engineering,"030999 - Civil Engineering, n.e.c.",Masters Degree (Coursework),No,No,78,English,"$87,700.00",No
00026A,The University of Sydney,103482J,Bachelor of Education (Early Childhood),No,07 - Education,0701 - Teacher Education,070101 - Teacher Education: Early Childhood,Bachelor Degree,No,Yes,208,English,"$253,500.00",No
00026A,The University of Sydney,103483H,Bachelor of Education (Health and Physical Education),No,07 - Education,0701 - Teacher Education,070103 - Teacher Education: Primary,Bachelor Degree,No,Yes,208,English,"$253,500.00",No
00026A,The University of Sydney,103484G,Bachelor of Education (Primary),No,07 - Education,0701 - Teacher Education,070103 - Teacher Education: Primary,Bachelor Degree,No,Yes,208,English,"$253,500.00",No
00026A,The University of Sydney,103485F,Bachelor of Education (Secondary),No,07 - Education,0701 - Teacher Education,070105 - Teacher Education: Secondary,Bachelor Degree,No,Yes,208,English,"$253,500.00",No
00026A,The University of Sydney,103486E,Bachelor of Education Studies,No,07 - Education,0703 - Curriculum and Education Studies,070303 - Education Studies,Bachelor Degree,No,Yes,156,English,"$187,300.00",No
00026A,The University of Sydney,103487D,Bachelor of Education and Bachelor of Advanced Studies (Secondary),No,07 - Education,0701 - Teacher Education,070105 - Teacher Education: Secondary,Bachelor Degree,No,Yes,260,English,"$321,700.00",No
00026A,The University of Sydney,105220D,Bachelor of Pharmacy and Management (Honours),No,06 - Health,0605 - Pharmacy,060501 - Pharmacy,Bachelor Honours Degree,No,Yes,260,English,"$282,900.00",No
00026A,The University of Sydney,105221C,Bachelor of Pharmacy (Honours),No,06 - Health,0605 - Pharmacy,060501 - Pharmacy,Bachelor Honours Degree,No,Yes,208,English,"$223,100.00",No
00026A,The University of Sydney,105222B,Bachelor of Pharmacy and Management (Honours) and Master of Pharmacy Practice,No,06 - Health,0605 - Pharmacy,060501 - Pharmacy,Masters Degree (Coursework),No,Yes,312,English,"$392,500.00",No
00026A,The University of Sydney,105223A,Bachelor of Pharmacy (Honours) and Master of Pharmacy Practice,No,06 - Health,0605 - Pharmacy,060501 - Pharmacy,Masters Degree (Coursework),No,Yes,260,English,"$321,700.00",No
00026A,The University of Sydney,105370A,Doctor of Clinical Dentistry (Oral Surgery),No,06 - Health,0607 - Dental Studies,"060799 - Dental Studies, n.e.c.",Masters Degree (Extended),No,Yes,156,English,"$258,100.00",No
00026A,The University of Sydney,105726M,Master of Education (Research),No,07 - Education,0703 - Curriculum and Education Studies,070303 - Education Studies,Masters Degree (Research),No,No,104,English,"$105,400.00",No
00026A,The University of Sydney,106003E,Master of Digital Health and Data Science,No,02 - Information Technology,0203 - Information Systems,"020399 - Information Systems, n.e.c.",Masters Degree (Coursework),No,No,52,English,"$57,900.00",No
00026A,The University of Sydney,106004D,Graduate Certificate in Digital Health and Data Science,No,02 - Information Technology,0203 - Information Systems,"020399 - Information Systems, n.e.c.",Graduate Certificate,No,No,26,English,"$28,950.00",No
00026A,The University of Sydney,106360F,Graduate Certificate of Social Justice,No,09 - Society and Culture,0903 - Studies in Human Society,090301 - Sociology,Graduate Certificate,No,No,26,English,"$25,650.00",No
00026A,The University of Sydney,106361E,Graduate Diploma of Social Justice,No,09 - Society and Culture,0903 - Studies in Human Society,090301 - Sociology,Graduate Diploma,No,No,52,English,"$51,300.00",No
00026A,The University of Sydney,106362D,Master of Social Justice,No,09 - Society and Culture,0903 - Studies in Human Society,090301 - Sociology,Masters Degree (Coursework),No,No,78,English,"$77,700.00",No
00026A,The University of Sydney,107172B,Graduate Certificate in Professional Accounting,No,08 - Management and Commerce,0801 - Accounting,080101 - Accounting,Graduate Certificate,No,No,26,English,"$27,000.00",No
00026A,The University of Sydney,107173A,Graduate Certificate in International Business,No,08 - Management and Commerce,0803 - Business and Management,080311 - International Business,Graduate Certificate,No,No,26,English,"$30,850.00",No
00026A,The University of Sydney,107174M,Graduate Certificate in Business Administration,No,08 - Management and Commerce,0803 - Business and Management,080301 - Business Management,Graduate Certificate,No,No,26,English,"$27,000.00",No
00026A,The University of Sydney,107396H,Joint Doctor of Philosophy (Arts and Social Sciences),No,12 - Mixed Field Programmes,1299 - Other Mixed Field Programmes,"129999 - Mixed Field Programmes, n.e.c.",Doctoral Degree,No,No,208,English,$0.00,No
00026A,The University of Sydney,107397G,Joint Doctor of Philosophy (Business),No,08 - Management and Commerce,0803 - Business and Management,"080399 - Business and Management, n.e.c.",Doctoral Degree,No,No,208,English,$0.00,No
00026A,The University of Sydney,107398F,Joint Doctor of Philosophy (Science),No,01 - Natural and Physical Sciences,0103 - Physics and Astronomy,010301 - Physics,Doctoral Degree,No,No,208,English,$0.00,No
00026A,The University of Sydney,107399E,Joint Doctor of Philosophy (Engineering),No,03 - Engineering and Related Technologies,0303 - Process and Resources Engineering,030301 - Chemical Engineering,Doctoral Degree,No,No,208,English,$0.00,No
00026A,The University of Sydney,107400F,Joint Doctor of Philosophy (Law),No,09 - Society and Culture,0909 - Law,"090999 - Law, n.e.c.",Doctoral Degree,No,No,208,English,$0.00,No
00026A,The University of Sydney,107401E,"Joint Doctor of Philosophy (Architecture, Design and Planning)",No,04 - Architecture and Building,0401 - Architecture and Urban Environment,040101 - Architecture,Doctoral Degree,No,No,208,English,$0.00,No
00026A,The University of Sydney,107402D,Joint Doctor of Philosophy (Medicine and Health),No,06 - Health,0601 - Medical Studies,"060199 - Medical Studies, n.e.c.",Doctoral Degree,No,No,208,English,$0.00,No
00026A,The University of Sydney,107403C,Joint Doctor of Philosophy (Music),No,10 - Creative Arts,1001 - Performing Arts ,100101 - Music,Doctoral Degree,No,No,208,English,$0.00,No
00026A,The University of Sydney,107850B,Master of Medicine (Sexual and Reproductive Health),No,06 - Health,0601 - Medical Studies,"060199 - Medical Studies, n.e.c.",Masters Degree (Coursework),No,No,52,English,"$61,700.00",No
00026A,The University of Sydney,107851A,Graduate Diploma in Medicine (Sexual and Reproductive Health),No,06 - Health,0601 - Medical Studies,"060199 - Medical Studies, n.e.c.",Graduate Diploma,No,No,52,English,"$61,700.00",No
00026A,The University of Sydney,107852M,Graduate Certificate in Medicine (Sexual and Reproductive Health),No,06 - Health,0601 - Medical Studies,"060199 - Medical Studies, n.e.c.",Graduate Certificate,No,No,26,English,"$30,850.00",No
00026A,The University of Sydney,107853K,Master of Science in Medicine (Sexual and Reproductive Health),No,06 - Health,0601 - Medical Studies,"060199 - Medical Studies, n.e.c.",Masters Degree (Coursework),No,No,52,English,"$61,700.00",No
00026A,The University of Sydney,107854J,Graduate Diploma in Science in Medicine (Sexual and Reproductive Health),No,06 - Health,0601 - Medical Studies,"060199 - Medical Studies, n.e.c.",Graduate Diploma,No,No,52,English,"$46,275.00",No
00026A,The University of Sydney,107855H,Graduate Certificate in Science in Medicine (Sexual and Reproductive Health),No,06 - Health,0601 - Medical Studies,"060199 - Medical Studies, n.e.c.",Graduate Certificate,No,No,26,English,"$30,850.00",No
00026A,The University of Sydney,107856G,Master of Medicine (Advanced) (Sexual and Reproductive Health),No,06 - Health,0601 - Medical Studies,"060199 - Medical Studies, n.e.c.",Masters Degree (Coursework),No,No,78,English,"$77,600.00",No
00026A,The University of Sydney,107857F,Master of Science in Medicine (Advanced) (Sexual and Reproductive Health),No,06 - Health,0601 - Medical Studies,"060199 - Medical Studies, n.e.c.",Masters Degree (Coursework),No,No,78,English,"$93,500.00",No
00026A,The University of Sydney,107885B,Bachelor of Engineering Honours and Bachelor of Arts,Yes,03 - Engineering and Related Technologies,0399 - Other Engineering and Related Technologies,"039999 - Engineering and Related Technologies, n.e.c.",Bachelor Honours Degree,No,Yes,286,English,"$356,800.00",No
00026A,The University of Sydney,107886A,Bachelor of Engineering Honours and Bachelor of Commerce,Yes,03 - Engineering and Related Technologies,0399 - Other Engineering and Related Technologies,"039999 - Engineering and Related Technologies, n.e.c.",Bachelor Honours Degree,No,Yes,286,English,"$356,800.00",No
00026A,The University of Sydney,107888K,Bachelor of Engineering Honours and Bachelor of Laws,Yes,03 - Engineering and Related Technologies,0399 - Other Engineering and Related Technologies,"039999 - Engineering and Related Technologies, n.e.c.",Bachelor Honours Degree,No,Yes,338,English,"$397,600.00",No
00026A,The University of Sydney,107966A,Master of Professional Accounting and Business Performance,No,08 - Management and Commerce,0801 - Accounting,080101 - Accounting,Masters Degree (Coursework),No,No,104,English,"$125,300.00",No
00026A,The University of Sydney,107967M,Graduate Diploma in Professional Accounting and Business Performance,No,08 - Management and Commerce,0801 - Accounting,080101 - Accounting,Graduate Diploma,No,No,52,English,"$61,700.00",No
00026A,The University of Sydney,107968K,Graduate Certificate in Professional Accounting and Business Performance (Exit degree),No,08 - Management and Commerce,0801 - Accounting,080101 - Accounting,Graduate Certificate,No,No,26,English,"$30,850.00",No
00026A,The University of Sydney,107969J,Bachelor of Psychology,No,09 - Society and Culture,0907 - Behavioural Science,090701 - Psychology,Bachelor Degree,No,No,156,English,"$187,300.00",No
00026A,The University of Sydney,107970E,Bachelor of Psychology Honours,No,09 - Society and Culture,0907 - Behavioural Science,090701 - Psychology,Bachelor Honours Degree,No,No,208,English,"$253,500.00",No
00026A,The University of Sydney,108334C,Bachelor of Design,No,04 - Architecture and Building,0401 - Architecture and Urban Environment,"040199 - Architecture and Urban Environment, n.e.c.",Bachelor Degree,No,No,156,English,"$162,300.00",No
00026A,The University of Sydney,108335B,Bachelor of Design (Honours),No,04 - Architecture and Building,0401 - Architecture and Urban Environment,"040199 - Architecture and Urban Environment, n.e.c.",Bachelor Honours Degree,No,No,52,English,"$52,500.00",No
00026A,The University of Sydney,108336A,Bachelor of Design and Bachelor of Advanced Studies,No,04 - Architecture and Building,0401 - Architecture and Urban Environment,"040199 - Architecture and Urban Environment, n.e.c.",Bachelor Degree,No,No,208,English,"$219,700.00",No
00026A,The University of Sydney,108337M,Doctor of Clinical Dentistry (Special Needs Dentistry),No,06 - Health,0607 - Dental Studies,"060799 - Dental Studies, n.e.c.",Masters Degree (Extended),No,Yes,156,English,"$258,100.00",No
00026A,The University of Sydney,108761F,Master of Cybersecurity,No,02 - Information Technology,0299 - Other Information Technology,029901 - Security Science,Masters Degree (Coursework),No,No,78,English,"$87,700.00",No
00026A,The University of Sydney,108762E,Graduate Diploma in Cybersecurity,No,02 - Information Technology,0299 - Other Information Technology,029901 - Security Science,Graduate Diploma,No,No,52,English,"$57,900.00",No
00026A,The University of Sydney,108763D,Graduate Certificate in Cybersecurity,No,02 - Information Technology,0299 - Other Information Technology,"029999 - Information Technology, n.e.c.",Graduate Certificate,No,No,26,English,"$28,950.00",No
00026A,The University of Sydney,108764C,Master of Data Science,No,02 - Information Technology,0299 - Other Information Technology,"029999 - Information Technology, n.e.c.",Masters Degree (Coursework),No,No,78,English,"$87,700.00",No
00026A,The University of Sydney,108765B,Graduate Diploma in Data Science,No,02 - Information Technology,0299 - Other Information Technology,"029999 - Information Technology, n.e.c.",Graduate Diploma,No,No,52,English,"$57,900.00",No
00026A,The University of Sydney,110294K,Graduate Diploma in Global Health,No,06 - Health,0613 - Public Health,"061399 - Public Health, n.e.c.",Graduate Diploma,No,No,52,English,"$61,700.00",No
00026A,The University of Sydney,110744M,Doctor of Physiotherapy,No,06 - Health,0617 - Rehabilitation Therapies,061701 - Physiotherapy,Masters Degree (Extended),No,Yes,156,English,"$214,200.00",No
00026A,The University of Sydney,111671D,Master of Computer Science,No,02 - Information Technology,0299 - Other Information Technology,"029999 - Information Technology, n.e.c.",Masters Degree (Coursework),No,No,104,English,"$117,500.00",No
00026A,The University of Sydney,111672C,Graduate Diploma in Computer Science,No,02 - Information Technology,0299 - Other Information Technology,"029999 - Information Technology, n.e.c.",Graduate Diploma,No,No,52,English,"$57,900.00",No
00026A,The University of Sydney,111673B,Graduate Certificate in Computer Science,No,02 - Information Technology,0299 - Other Information Technology,"029999 - Information Technology, n.e.c.",Graduate Certificate,No,No,26,English,"$28,950.00",No
00026A,The University of Sydney,111866D,Bachelor of Agricultural Science,No,"05 - Agriculture, Environmental and Related Studies",0501 - Agriculture,050101 - Agricultural Science,Bachelor Degree,No,No,156,English,"$187,300.00",No
00026A,The University of Sydney,111869A,Bachelor of Agricultural Science Honours,No,"05 - Agriculture, Environmental and Related Studies",0501 - Agriculture,050101 - Agricultural Science,Bachelor Honours Degree,No,Yes,208,English,"$253,500.00",No
00026A,The University of Sydney,112625B,Graduate Certificate in Clinical Dentistry (Advanced Restorative),No,06 - Health,0607 - Dental Studies,060701 - Dentistry,Graduate Certificate,No,Yes,26,English,"$41,750.00",No
00026A,The University of Sydney,112626A,Graduate Diploma in Clinical Dentistry (Advanced Restorative),No,06 - Health,0607 - Dental Studies,060701 - Dentistry,Graduate Diploma,No,Yes,52,English,"$83,500.00",No
00026A,The University of Sydney,112627M,Master of Film and Screen Arts,No,10 - Creative Arts,1003 - Visual Arts and Crafts,"100399 - Visual Arts and Crafts, n.e.c.",Masters Degree (Coursework),No,No,78,English,"$75,300.00",No
00026A,The University of Sydney,113096C,Graduate Diploma in Clinical Dentistry (Advanced Pulp Biology),No,06 - Health,0607 - Dental Studies,060701 - Dentistry,Graduate Diploma,No,Yes,52,English,"$83,500.00",No
00026A,The University of Sydney,113097B,Graduate Certificate in Clinical Dentistry (Pulp Biology),No,06 - Health,0607 - Dental Studies,060701 - Dentistry,Graduate Certificate,No,Yes,26,English,"$41,750.00",No
00026A,The University of Sydney,113098A,Doctor of Clinical Dentistry (Endodontics),No,06 - Health,0607 - Dental Studies,060701 - Dentistry,Masters Degree (Extended),No,Yes,156,English,"$258,100.00",No
00026A,The University of Sydney,114097E,Bachelor of Arts and Bachelor of Advanced Studies (Media and Communications),No,10 - Creative Arts,1007 - Communication and Media Studies,"100799 - Communication and Media Studies, n.e.c.",Bachelor Degree,No,No,208,English,"$219,700.00",No
00026A,The University of Sydney,114098D,Bachelor of Advanced Studies (Media and Communications) (Honours),No,10 - Creative Arts,1007 - Communication and Media Studies,"100799 - Communication and Media Studies, n.e.c.",Bachelor Honours Degree,No,No,52,English,"$56,300.00",No
00026A,The University of Sydney,114287K,Graduate Diploma in Professional Studies (Education),No,07 - Education,0703 - Curriculum and Education Studies,070303 - Education Studies,Graduate Diploma,No,No,52,English,"$54,100.00",No
00026A,The University of Sydney,115414M,Bachelor of Economics and Bachelor of Arts,Yes,09 - Society and Culture,0999 - Other Society and Culture,"099999 - Society and Culture, n.e.c.",Bachelor Degree,No,No,208,English,"$235,500.00",No
00026A,The University of Sydney,115415K,Bachelor of Science and Bachelor of Arts,Yes,09 - Society and Culture,0999 - Other Society and Culture,"099999 - Society and Culture, n.e.c.",Bachelor Degree,No,No,208,English,"$253,500.00",No
00026A,The University of Sydney,115416J,Bachelor of Commerce and Bachelor of Science,Yes,01 - Natural and Physical Sciences,0199 - Other Natural and Physical Sciences,"019999 - Natural and Physical Sciences, n.e.c.",Bachelor Degree,No,No,208,English,"$253,500.00",No
00026A,The University of Sydney,115417H,Bachelor of Commerce and Bachelor of Arts,Yes,08 - Management and Commerce,0899 - Other Management and Commerce,"089999 - Management and Commerce, n.e.c.",Bachelor Degree,No,No,208,English,"$235,500.00",No
00026A,The University of Sydney,115418G,Bachelor of Languages,No,09 - Society and Culture,0915 - Language and Literature,"091599 - Language and Literature, n.e.c.",Bachelor Degree,No,No,156,English,"$162,300.00",No
00026A,The University of Sydney,115419F,Bachelor of International Studies,No,09 - Society and Culture,0999 - Other Society and Culture,"099999 - Society and Culture, n.e.c.",Bachelor Degree,No,No,156,English,"$162,300.00",No
00026A,The University of Sydney,115420B,"Bachelor of Politics, Philosophy, and Economics",No,09 - Society and Culture,0999 - Other Society and Culture,"099999 - Society and Culture, n.e.c.",Bachelor Degree,No,No,156,English,"$162,300.00",No
00026A,The University of Sydney,115421A,Bachelor of Media and Communications,No,10 - Creative Arts,1007 - Communication and Media Studies,"100799 - Communication and Media Studies, n.e.c.",Bachelor Degree,No,No,156,English,"$162,300.00",No
00026A,The University of Sydney,115606C,Bachelor of Advanced Studies (Honours) (Food and Agribusiness),No,08 - Management and Commerce,0803 - Business and Management,080321 - Farm Management and Agribusiness,Bachelor Honours Degree,No,Yes,52,English,"$52,500.00",No
00026A,The University of Sydney,115607B,Bachelor of Science (Honours) (Food and Agribusiness),No,08 - Management and Commerce,0803 - Business and Management,080321 - Farm Management and Agribusiness,Bachelor Honours Degree,No,Yes,52,English,"$52,500.00",No
00026A,The University of Sydney,116198F,Graduate Certificate in Building Performance and Sustainable Design,No,04 - Architecture and Building,0401 - Architecture and Urban Environment,040101 - Architecture,Graduate Certificate,No,No,26,English,"$24,850.00",No
00026A,The University of Sydney,116199E,Master of Building Performance and Sustainable Design,No,04 - Architecture and Building,0401 - Architecture and Urban Environment,040101 - Architecture,Masters Degree (Coursework),No,No,104,English,"$100,900.00",No
00026A,The University of Sydney,116200F,Graduate Diploma in Building Performance and Sustainable Design,No,04 - Architecture and Building,0401 - Architecture and Urban Environment,040101 - Architecture,Graduate Diploma,No,No,52,English,"$49,700.00",No
00026A,The University of Sydney,116243F,Master of Pharmacy,No,06 - Health,0605 - Pharmacy,060501 - Pharmacy,Masters Degree (Coursework),No,Yes,104,English,"$125,300.00",No
00026A,The University of Sydney,116269G,Bachelor of International Studies (Honours),No,09 - Society and Culture,0999 - Other Society and Culture,"099999 - Society and Culture, n.e.c.",Bachelor Honours Degree,No,No,52,English,"$52,500.00",No
00026A,The University of Sydney,116270C,"Bachelor of Politics, Philosophy, and Economics (Honours)",No,09 - Society and Culture,0999 - Other Society and Culture,"099999 - Society and Culture, n.e.c.",Bachelor Honours Degree,No,No,52,English,"$52,500.00",No
00026A,The University of Sydney,116271B,Bachelor of Media and Communications (Honours),No,10 - Creative Arts,1007 - Communication and Media Studies,"100799 - Communication and Media Studies, n.e.c.",Bachelor Honours Degree,No,No,52,English,"$52,500.00",No
00026A,The University of Sydney,116272A,Bachelor of Languages (Honours),No,09 - Society and Culture,0915 - Language and Literature,"091599 - Language and Literature, n.e.c.",Bachelor Honours Degree,No,No,52,English,"$52,500.00",No
00026A,The University of Sydney,116442K,Bachelor of Animal and Veterinary Bioscience (Honours),No,"05 - Agriculture, Environmental and Related Studies",0501 - Agriculture,050105 - Animal Husbandry,Bachelor Honours Degree,No,No,52,English,"$60,600.00",No
00026A,The University of Sydney,116443J,Bachelor of Animal and Veterinary Bioscience,No,"05 - Agriculture, Environmental and Related Studies",0501 - Agriculture,050105 - Animal Husbandry,Bachelor Degree,No,Yes,156,English,"$187,300.00",No
00026A,The University of Sydney,116444H,Bachelor of Wildlife Conservation (Taronga),No,"05 - Agriculture, Environmental and Related Studies",0509 - Environmental Studies,"050901 - Land, Parks and Wildlife Management",Bachelor Degree,No,No,156,English,"$187,300.00",No
00026A,The University of Sydney,116445G,Bachelor of Wildlife Conservation (Taronga) (Honours),No,"05 - Agriculture, Environmental and Related Studies",0509 - Environmental Studies,"050901 - Land, Parks and Wildlife Management",Bachelor Honours Degree,No,No,52,English,"$60,600.00",No
00026A,The University of Sydney,117213D,Bachelor of Mathematical Sciences,No,01 - Natural and Physical Sciences,0101 - Mathematical Sciences,010101 - Mathematics,Bachelor Degree,No,No,156,English,"$187,300.00",No
00026A,The University of Sydney,117214C,Bachelor of Mathematical Sciences (Honours),No,01 - Natural and Physical Sciences,0101 - Mathematical Sciences,010101 - Mathematics,Bachelor Honours Degree,No,No,52,English,"$60,600.00",No
00026A,The University of Sydney,117352D,Bachelor of Biomedicine and Health,No,01 - Natural and Physical Sciences,0199 - Other Natural and Physical Sciences,019901 - Medical Science,Bachelor Degree,No,No,156,English,"$203,700.00",No
00026A,The University of Sydney,117617F,Bachelor of Nursing (Advanced Studies),No,06 - Health,0603 - Nursing,060301 - General Nursing,Bachelor Degree,No,Yes,156,English,"$152,100.00",No
00026A,The University of Sydney,117618E,Master of Nursing,No,06 - Health,0603 - Nursing,"060399 - Nursing, n.e.c.",Masters Degree (Coursework),No,Yes,104,English,"$104,100.00",No
00026A,The University of Sydney,117619D,Bachelor of Arts and Master of Nursing,Yes,09 - Society and Culture,0999 - Other Society and Culture,"099999 - Society and Culture, n.e.c.",Masters Degree (Coursework),No,Yes,208,English,"$218,300.00",No
00026A,The University of Sydney,117620M,Bachelor of Science and Master of Nursing,Yes,01 - Natural and Physical Sciences,0199 - Other Natural and Physical Sciences,"019999 - Natural and Physical Sciences, n.e.c.",Masters Degree (Coursework),No,Yes,208,English,"$235,500.00",No
00026A,The University of Sydney,118314B,Graduate Certificate in Teaching English to Speakers of Other Languages,No,07 - Education,0701 - Teacher Education,070115 - English as a Second Language Teaching,Graduate Certificate,No,No,26,English,"$27,050.00",No
00026A,The University of Sydney,118315A,Graduate Diploma in Teaching English to Speakers of Other Languages,No,07 - Education,0701 - Teacher Education,070115 - English as a Second Language Teaching,Graduate Diploma,No,No,52,English,"$54,100.00",No
00026A,The University of Sydney,118316M,Master of Teaching English to Speakers of Other Languages,No,07 - Education,0701 - Teacher Education,070115 - English as a Second Language Teaching,Masters Degree (Coursework),No,No,78,English,"$81,950.00",No
00026A,The University of Sydney,118413K,Master of Education (Special and Inclusive Education),No,07 - Education,0701 - Teacher Education,070113 - Teacher Education: Special Education,Masters Degree (Coursework),No,No,78,English,"$81,950.00",No
00026A,The University of Sydney,118414J,Graduate Diploma in Educational Studies (Special and Inclusive Education),No,07 - Education,0701 - Teacher Education,070113 - Teacher Education: Special Education,Graduate Diploma,No,No,52,English,"$54,100.00",No
00026A,The University of Sydney,118415H,Graduate Certificate in Educational Studies (Special and Inclusive Education),No,07 - Education,0701 - Teacher Education,070113 - Teacher Education: Special Education,Graduate Certificate,No,No,26,English,"$27,050.00",No
00026A,The University of Sydney,118429B,Graduate Diploma in Educational Studies,No,07 - Education,0703 - Curriculum and Education Studies,070303 - Education Studies,Graduate Diploma,No,No,52,English,"$54,100.00",No
00026A,The University of Sydney,118432G,Graduate Certificate in Educational Studies,No,07 - Education,0703 - Curriculum and Education Studies,070303 - Education Studies,Graduate Certificate,No,No,26,English,"$27,050.00",No
00026A,The University of Sydney,118468F,Master of Education,No,07 - Education,0703 - Curriculum and Education Studies,070303 - Education Studies,Masters Degree (Coursework),No,No,78,English,"$81,950.00",No
00026A,The University of Sydney,118538H,Bachelor of Advanced Studies (Honours) (Taronga Wildlife Conservation),No,"05 - Agriculture, Environmental and Related Studies",0509 - Environmental Studies,"050901 - Land, Parks and Wildlife Management",Bachelor Honours Degree,No,No,52,English,"$52,500.00",No
00026A,The University of Sydney,118542A,Bachelor of Science (Honours) (Taronga Wildlife Conservation),No,"05 - Agriculture, Environmental and Related Studies",0509 - Environmental Studies,"050901 - Land, Parks and Wildlife Management",Bachelor Honours Degree,No,No,52,English,"$52,500.00",No
00026A,The University of Sydney,120793H,Master of Heritage Conservation,No,04 - Architecture and Building,0401 - Architecture and Urban Environment,"040199 - Architecture and Urban Environment, n.e.c.",Masters Degree (Coursework),No,No,104,English,"$106,500.00",No
00026A,The University of Sydney,121051E,Master of Sustainability,No,"05 - Agriculture, Environmental and Related Studies",0509 - Environmental Studies,"050999 - Environmental Studies, n.e.c.",Masters Degree (Coursework),No,Yes,104,English,"$132,000.00",No
