slug,inferred_name,url
master-of-professional-engineering-accelerated-biomedical,master of professional engineering accelerated biomedical,https://www.sydney.edu.au/courses/courses/pc/master-of-professional-engineering-accelerated-biomedical.html
master-of-administrative-law-and-policy,master of administrative law and policy,https://www.sydney.edu.au/courses/courses/pc/master-of-administrative-law-and-policy.html
master-of-architecture,master of architecture,https://www.sydney.edu.au/courses/courses/pc/master-of-architecture.html
master-of-biostatistics,master of biostatistics,https://www.sydney.edu.au/courses/courses/pc/master-of-biostatistics.html
master-of-brain-and-mind-sciences,master of brain and mind sciences,https://www.sydney.edu.au/courses/courses/pc/master-of-brain-and-mind-sciences.html
master-of-business-law,master of business law,https://www.sydney.edu.au/courses/courses/pc/master-of-business-law.html
master-of-criminology,master of criminology,https://www.sydney.edu.au/courses/courses/pc/master-of-criminology.html
master-of-diagnostic-radiography,master of diagnostic radiography,https://www.sydney.edu.au/courses/courses/pc/master-of-diagnostic-radiography.html
master-of-urban-and-regional-planning,master of urban and regional planning,https://www.sydney.edu.au/courses/courses/pc/master-of-urban-and-regional-planning.html
graduate-certificate-in-biostatistics,graduate certificate in biostatistics,https://www.sydney.edu.au/courses/courses/pc/graduate-certificate-in-biostatistics.html
graduate-certificate-in-brain-and-mind-sciences,graduate certificate in brain and mind sciences,https://www.sydney.edu.au/courses/courses/pc/graduate-certificate-in-brain-and-mind-sciences.html
graduate-certificate-in-clinical-epidemiology,graduate certificate in clinical epidemiology,https://www.sydney.edu.au/courses/courses/pc/graduate-certificate-in-clinical-epidemiology.html
graduate-certificate-in-creative-writing,graduate certificate in creative writing,https://www.sydney.edu.au/courses/courses/pc/graduate-certificate-in-creative-writing.html
graduate-certificate-in-cultural-studies,graduate certificate in cultural studies,https://www.sydney.edu.au/courses/courses/pc/graduate-certificate-in-cultural-studies.html
graduate-certificate-in-digital-communication-and-culture,graduate certificate in digital communication and culture,https://www.sydney.edu.au/courses/courses/pc/graduate-certificate-in-digital-communication-and-culture.html
graduate-certificate-in-engineering,graduate certificate in engineering,https://www.sydney.edu.au/courses/courses/pc/graduate-certificate-in-engineering.html
graduate-certificate-in-human-resource-management-and-industrial-relations,graduate certificate in human resource management and industrial relations,https://www.sydney.edu.au/courses/courses/pc/graduate-certificate-in-human-resource-management-and-industrial-relations.html
graduate-certificate-in-human-and-community-services,graduate certificate in human and community services,https://www.sydney.edu.au/courses/courses/pc/graduate-certificate-in-human-and-community-services.html
graduate-certificate-in-interaction-design-and-electronic-arts,graduate certificate in interaction design and electronic arts,https://www.sydney.edu.au/courses/courses/pc/graduate-certificate-in-interaction-design-and-electronic-arts.html
graduate-certificate-in-media-practice,graduate certificate in media practice,https://www.sydney.edu.au/courses/courses/pc/graduate-certificate-in-media-practice.html
graduate-certificate-in-pain-management,graduate certificate in pain management,https://www.sydney.edu.au/courses/courses/pc/graduate-certificate-in-pain-management.html
graduate-certificate-in-pharmacy-practice,graduate certificate in pharmacy practice,https://www.sydney.edu.au/courses/courses/pc/graduate-certificate-in-pharmacy-practice.html
graduate-certificate-in-political-economy,graduate certificate in political economy,https://www.sydney.edu.au/courses/courses/pc/graduate-certificate-in-political-economy.html
graduate-certificate-in-project-management,graduate certificate in project management,https://www.sydney.edu.au/courses/courses/pc/graduate-certificate-in-project-management.html
graduate-certificate-in-coaching-psychology,graduate certificate in coaching psychology,https://www.sydney.edu.au/courses/courses/pc/graduate-certificate-in-coaching-psychology.html
graduate-certificate-in-publishing,graduate certificate in publishing,https://www.sydney.edu.au/courses/courses/pc/graduate-certificate-in-publishing.html
graduate-certificate-in-public-policy,graduate certificate in public policy,https://www.sydney.edu.au/courses/courses/pc/graduate-certificate-in-public-policy.html
master-of-environmental-law,master of environmental law,https://www.sydney.edu.au/courses/courses/pc/master-of-environmental-law.html
executive-master-of-business-administration,executive master of business administration,https://www.sydney.edu.au/courses/courses/pc/executive-master-of-business-administration.html
graduate-certificate-in-urban-design,graduate certificate in urban design,https://www.sydney.edu.au/courses/courses/pc/graduate-certificate-in-urban-design.html
graduate-certificate-in-urban-and-regional-planning,graduate certificate in urban and regional planning,https://www.sydney.edu.au/courses/courses/pc/graduate-certificate-in-urban-and-regional-planning.html
graduate-diploma-in-biostatistics,graduate diploma in biostatistics,https://www.sydney.edu.au/courses/courses/pc/graduate-diploma-in-biostatistics.html
graduate-diploma-in-brain-and-mind-sciences,graduate diploma in brain and mind sciences,https://www.sydney.edu.au/courses/courses/pc/graduate-diploma-in-brain-and-mind-sciences.html
master-of-health-law,master of health law,https://www.sydney.edu.au/courses/courses/pc/master-of-health-law.html
master-of-human-resource-management-and-industrial-relations,master of human resource management and industrial relations,https://www.sydney.edu.au/courses/courses/pc/master-of-human-resource-management-and-industrial-relations.html
master-of-international-law,master of international law,https://www.sydney.edu.au/courses/courses/pc/master-of-international-law.html
master-of-international-ophthalmology,master of international ophthalmology,https://www.sydney.edu.au/courses/courses/pc/master-of-international-ophthalmology.html
juris-doctor,juris doctor,https://www.sydney.edu.au/courses/courses/pc/juris-doctor.html
master-of-laws,master of laws,https://www.sydney.edu.au/courses/courses/pc/master-of-laws.html
master-of-labour-law-and-relations,master of labour law and relations,https://www.sydney.edu.au/courses/courses/pc/master-of-labour-law-and-relations.html
graduate-certificate-in-strategic-public-relations,graduate certificate in strategic public relations,https://www.sydney.edu.au/courses/courses/pc/graduate-certificate-in-strategic-public-relations.html
graduate-diploma-in-clinical-dentistry-conscious-sedation-and-pain-control,graduate diploma in clinical dentistry conscious sedation and pain control,https://www.sydney.edu.au/courses/courses/pc/graduate-diploma-in-clinical-dentistry-conscious-sedation-and-pain-control.html
graduate-diploma-in-clinical-dentistry-oral-implants,graduate diploma in clinical dentistry oral implants,https://www.sydney.edu.au/courses/courses/pc/graduate-diploma-in-clinical-dentistry-oral-implants.html
graduate-diploma-in-clinical-epidemiology,graduate diploma in clinical epidemiology,https://www.sydney.edu.au/courses/courses/pc/graduate-diploma-in-clinical-epidemiology.html
graduate-diploma-in-criminology,graduate diploma in criminology,https://www.sydney.edu.au/courses/courses/pc/graduate-diploma-in-criminology.html
graduate-diploma-in-economics,graduate diploma in economics,https://www.sydney.edu.au/courses/courses/pc/graduate-diploma-in-economics.html
graduate-diploma-in-interaction-design-and-electronic-arts,graduate diploma in interaction design and electronic arts,https://www.sydney.edu.au/courses/courses/pc/graduate-diploma-in-interaction-design-and-electronic-arts.html
master-of-interaction-design-and-electronic-arts,master of interaction design and electronic arts,https://www.sydney.edu.au/courses/courses/pc/master-of-interaction-design-and-electronic-arts.html
master-of-indigenous-languages-education,master of indigenous languages education,https://www.sydney.edu.au/courses/courses/pc/master-of-indigenous-languages-education.html
master-of-management-cems,master of management cems,https://www.sydney.edu.au/courses/courses/pc/master-of-management-cems.html
master-of-management,master of management,https://www.sydney.edu.au/courses/courses/pc/master-of-management.html
master-of-medicine-clinical-epidemiology,master of medicine clinical epidemiology,https://www.sydney.edu.au/courses/courses/pc/master-of-medicine-clinical-epidemiology.html
master-of-medical-physics,master of medical physics,https://www.sydney.edu.au/courses/courses/pc/master-of-medical-physics.html
master-of-medicine-ophthalmic-science,master of medicine ophthalmic science,https://www.sydney.edu.au/courses/courses/pc/master-of-medicine-ophthalmic-science.html
master-of-medicine-pain-management,master of medicine pain management,https://www.sydney.edu.au/courses/courses/pc/master-of-medicine-pain-management.html
master-of-music-studies-performance,master of music studies performance,https://www.sydney.edu.au/courses/courses/pc/master-of-music-studies-performance.html
master-of-nursing-nurse-practitioner,master of nursing nurse practitioner,https://www.sydney.edu.au/courses/courses/pc/master-of-nursing-nurse-practitioner.html
master-of-occupational-therapy,master of occupational therapy,https://www.sydney.edu.au/courses/courses/pc/master-of-occupational-therapy.html
graduate-certificate-in-bioethics,graduate certificate in bioethics,https://www.sydney.edu.au/courses/courses/pc/graduate-certificate-in-bioethics.html
graduate-certificate-in-medicine-sleep-medicine,graduate certificate in medicine sleep medicine,https://www.sydney.edu.au/courses/courses/pc/graduate-certificate-in-medicine-sleep-medicine.html
graduate-certificate-in-science-in-medicine-sleep-medicine,graduate certificate in science in medicine sleep medicine,https://www.sydney.edu.au/courses/courses/pc/graduate-certificate-in-science-in-medicine-sleep-medicine.html
graduate-diploma-in-engineering,graduate diploma in engineering,https://www.sydney.edu.au/courses/courses/pc/graduate-diploma-in-engineering.html
graduate-diploma-in-environmental-law,graduate diploma in environmental law,https://www.sydney.edu.au/courses/courses/pc/graduate-diploma-in-environmental-law.html
graduate-diploma-in-health-law,graduate diploma in health law,https://www.sydney.edu.au/courses/courses/pc/graduate-diploma-in-health-law.html
graduate-diploma-in-human-resource-management-and-industrial-relations,graduate diploma in human resource management and industrial relations,https://www.sydney.edu.au/courses/courses/pc/graduate-diploma-in-human-resource-management-and-industrial-relations.html
graduate-diploma-in-medicine-sleep-medicine,graduate diploma in medicine sleep medicine,https://www.sydney.edu.au/courses/courses/pc/graduate-diploma-in-medicine-sleep-medicine.html
graduate-diploma-in-science-in-medicine-sleep-medicine,graduate diploma in science in medicine sleep medicine,https://www.sydney.edu.au/courses/courses/pc/graduate-diploma-in-science-in-medicine-sleep-medicine.html
master-of-clinical-psychology,master of clinical psychology,https://www.sydney.edu.au/courses/courses/pc/master-of-clinical-psychology.html
master-of-medicine-advanced-sleep-medicine,master of medicine advanced sleep medicine,https://www.sydney.edu.au/courses/courses/pc/master-of-medicine-advanced-sleep-medicine.html
graduate-certificate-in-advanced-clinical-skills-surgical-anatomy,graduate certificate in advanced clinical skills surgical anatomy,https://www.sydney.edu.au/courses/courses/pc/graduate-certificate-in-advanced-clinical-skills-surgical-anatomy.html
graduate-certificate-in-medicine-critical-care-medicine,graduate certificate in medicine critical care medicine,https://www.sydney.edu.au/courses/courses/pc/graduate-certificate-in-medicine-critical-care-medicine.html
graduate-certificate-in-medicine-internal-medicine,graduate certificate in medicine internal medicine,https://www.sydney.edu.au/courses/courses/pc/graduate-certificate-in-medicine-internal-medicine.html
graduate-certificate-in-medicine-pharmaceutical-and-medical-device-development,graduate certificate in medicine pharmaceutical and medical device development,https://www.sydney.edu.au/courses/courses/pc/graduate-certificate-in-medicine-pharmaceutical-and-medical-device-development.html
graduate-certificate-in-science-in-medicine-metabolic-health,graduate certificate in science in medicine metabolic health,https://www.sydney.edu.au/courses/courses/pc/graduate-certificate-in-science-in-medicine-metabolic-health.html
graduate-certificate-in-science-in-medicine-pharmaceutical-and-medical-device-development,graduate certificate in science in medicine pharmaceutical and medical device development,https://www.sydney.edu.au/courses/courses/pc/graduate-certificate-in-science-in-medicine-pharmaceutical-and-medical-device-development.html
graduate-diploma-in-business-law,graduate diploma in business law,https://www.sydney.edu.au/courses/courses/pc/graduate-diploma-in-business-law.html
graduate-diploma-in-medicine-critical-care-medicine,graduate diploma in medicine critical care medicine,https://www.sydney.edu.au/courses/courses/pc/graduate-diploma-in-medicine-critical-care-medicine.html
graduate-diploma-in-medicine-internal-medicine,graduate diploma in medicine internal medicine,https://www.sydney.edu.au/courses/courses/pc/graduate-diploma-in-medicine-internal-medicine.html
graduate-diploma-in-medicine-pharmaceutical-and-medical-device-development,graduate diploma in medicine pharmaceutical and medical device development,https://www.sydney.edu.au/courses/courses/pc/graduate-diploma-in-medicine-pharmaceutical-and-medical-device-development.html
graduate-diploma-in-museum-and-heritage-studies,graduate diploma in museum and heritage studies,https://www.sydney.edu.au/courses/courses/pc/graduate-diploma-in-museum-and-heritage-studies.html
graduate-diploma-in-science-in-medicine-metabolic-health,graduate diploma in science in medicine metabolic health,https://www.sydney.edu.au/courses/courses/pc/graduate-diploma-in-science-in-medicine-metabolic-health.html
graduate-diploma-in-science-in-medicine-pharmaceutical-and-medical-device-development,graduate diploma in science in medicine pharmaceutical and medical device development,https://www.sydney.edu.au/courses/courses/pc/graduate-diploma-in-science-in-medicine-pharmaceutical-and-medical-device-development.html
master-of-medicine-advanced-internal-medicine,master of medicine advanced internal medicine,https://www.sydney.edu.au/courses/courses/pc/master-of-medicine-advanced-internal-medicine.html
master-of-medicine-advanced-pharmaceutical-and-medical-device-development,master of medicine advanced pharmaceutical and medical device development,https://www.sydney.edu.au/courses/courses/pc/master-of-medicine-advanced-pharmaceutical-and-medical-device-development.html
master-of-medicine-critical-care-medicine,master of medicine critical care medicine,https://www.sydney.edu.au/courses/courses/pc/master-of-medicine-critical-care-medicine.html
master-of-medicine-internal-medicine,master of medicine internal medicine,https://www.sydney.edu.au/courses/courses/pc/master-of-medicine-internal-medicine.html
master-of-medicine-metabolic-health,master of medicine metabolic health,https://www.sydney.edu.au/courses/courses/pc/master-of-medicine-metabolic-health.html
master-of-medicine-pharmaceutical-and-medical-device-development,master of medicine pharmaceutical and medical device development,https://www.sydney.edu.au/courses/courses/pc/master-of-medicine-pharmaceutical-and-medical-device-development.html
master-of-medicine-sleep-medicine,master of medicine sleep medicine,https://www.sydney.edu.au/courses/courses/pc/master-of-medicine-sleep-medicine.html
master-of-science-in-medicine-advanced-pharmaceutical-and-medical-device-development,master of science in medicine advanced pharmaceutical and medical device development,https://www.sydney.edu.au/courses/courses/pc/master-of-science-in-medicine-advanced-pharmaceutical-and-medical-device-development.html
master-of-science-in-medicine-advanced-sleep-medicine,master of science in medicine advanced sleep medicine,https://www.sydney.edu.au/courses/courses/pc/master-of-science-in-medicine-advanced-sleep-medicine.html
master-of-science-in-medicine-pharmaceutical-and-medical-device-development,master of science in medicine pharmaceutical and medical device development,https://www.sydney.edu.au/courses/courses/pc/master-of-science-in-medicine-pharmaceutical-and-medical-device-development.html
master-of-science-in-medicine-sleep-medicine,master of science in medicine sleep medicine,https://www.sydney.edu.au/courses/courses/pc/master-of-science-in-medicine-sleep-medicine.html
graduate-diploma-in-english-studies,graduate diploma in english studies,https://www.sydney.edu.au/courses/courses/pc/graduate-diploma-in-english-studies.html
graduate-diploma-in-public-policy,graduate diploma in public policy,https://www.sydney.edu.au/courses/courses/pc/graduate-diploma-in-public-policy.html
master-of-creative-writing,master of creative writing,https://www.sydney.edu.au/courses/courses/pc/master-of-creative-writing.html
master-of-digital-communication-and-culture,master of digital communication and culture,https://www.sydney.edu.au/courses/courses/pc/master-of-digital-communication-and-culture.html
master-of-medicine-advanced-metabolic-health,master of medicine advanced metabolic health,https://www.sydney.edu.au/courses/courses/pc/master-of-medicine-advanced-metabolic-health.html
master-of-music-studies-opera-performance,master of music studies opera performance,https://www.sydney.edu.au/courses/courses/pc/master-of-music-studies-opera-performance.html
master-of-public-policy,master of public policy,https://www.sydney.edu.au/courses/courses/pc/master-of-public-policy.html
master-of-science-in-medicine-advanced-metabolic-health,master of science in medicine advanced metabolic health,https://www.sydney.edu.au/courses/courses/pc/master-of-science-in-medicine-advanced-metabolic-health.html
master-of-urbanism-heritage-conservation,master of urbanism heritage conservation,https://www.sydney.edu.au/courses/courses/pc/master-of-urbanism-heritage-conservation.html
master-of-urbanism-urban-design,master of urbanism urban design,https://www.sydney.edu.au/courses/courses/pc/master-of-urbanism-urban-design.html
master-of-urbanism-urban-and-regional-planning,master of urbanism urban and regional planning,https://www.sydney.edu.au/courses/courses/pc/master-of-urbanism-urban-and-regional-planning.html
graduate-certificate-in-art-curating,graduate certificate in art curating,https://www.sydney.edu.au/courses/courses/pc/graduate-certificate-in-art-curating.html
graduate-certificate-in-logistics-and-supply-chain-management,graduate certificate in logistics and supply chain management,https://www.sydney.edu.au/courses/courses/pc/graduate-certificate-in-logistics-and-supply-chain-management.html
graduate-certificate-in-museum-and-heritage-studies,graduate certificate in museum and heritage studies,https://www.sydney.edu.au/courses/courses/pc/graduate-certificate-in-museum-and-heritage-studies.html
graduate-diploma-in-art-curating,graduate diploma in art curating,https://www.sydney.edu.au/courses/courses/pc/graduate-diploma-in-art-curating.html
graduate-diploma-in-creative-writing,graduate diploma in creative writing,https://www.sydney.edu.au/courses/courses/pc/graduate-diploma-in-creative-writing.html
graduate-diploma-in-logistics-and-supply-chain-management,graduate diploma in logistics and supply chain management,https://www.sydney.edu.au/courses/courses/pc/graduate-diploma-in-logistics-and-supply-chain-management.html
master-of-agriculture-and-environment,master of agriculture and environment,https://www.sydney.edu.au/courses/courses/pc/master-of-agriculture-and-environment.html
master-of-art-curating,master of art curating,https://www.sydney.edu.au/courses/courses/pc/master-of-art-curating.html
master-of-economics,master of economics,https://www.sydney.edu.au/courses/courses/pc/master-of-economics.html
master-of-medicine-advanced-critical-care-medicine,master of medicine advanced critical care medicine,https://www.sydney.edu.au/courses/courses/pc/master-of-medicine-advanced-critical-care-medicine.html
master-of-science-in-medicine-metabolic-health,master of science in medicine metabolic health,https://www.sydney.edu.au/courses/courses/pc/master-of-science-in-medicine-metabolic-health.html
graduate-certificate-in-english-studies,graduate certificate in english studies,https://www.sydney.edu.au/courses/courses/pc/graduate-certificate-in-english-studies.html
graduate-diploma-in-economic-analysis,graduate diploma in economic analysis,https://www.sydney.edu.au/courses/courses/pc/graduate-diploma-in-economic-analysis.html
graduate-diploma-in-political-economy,graduate diploma in political economy,https://www.sydney.edu.au/courses/courses/pc/graduate-diploma-in-political-economy.html
graduate-diploma-in-publishing,graduate diploma in publishing,https://www.sydney.edu.au/courses/courses/pc/graduate-diploma-in-publishing.html
master-of-economic-analysis,master of economic analysis,https://www.sydney.edu.au/courses/courses/pc/master-of-economic-analysis.html
master-of-logistics-and-supply-chain-management,master of logistics and supply chain management,https://www.sydney.edu.au/courses/courses/pc/master-of-logistics-and-supply-chain-management.html
master-of-political-economy,master of political economy,https://www.sydney.edu.au/courses/courses/pc/master-of-political-economy.html
master-of-publishing,master of publishing,https://www.sydney.edu.au/courses/courses/pc/master-of-publishing.html
graduate-certificate-in-economic-analysis,graduate certificate in economic analysis,https://www.sydney.edu.au/courses/courses/pc/graduate-certificate-in-economic-analysis.html
graduate-certificate-in-international-relations,graduate certificate in international relations,https://www.sydney.edu.au/courses/courses/pc/graduate-certificate-in-international-relations.html
graduate-certificate-in-medical-imaging-science,graduate certificate in medical imaging science,https://www.sydney.edu.au/courses/courses/pc/graduate-certificate-in-medical-imaging-science.html
graduate-certificate-in-surgical-sciences,graduate certificate in surgical sciences,https://www.sydney.edu.au/courses/courses/pc/graduate-certificate-in-surgical-sciences.html
graduate-diploma-in-digital-communication-and-culture,graduate diploma in digital communication and culture,https://www.sydney.edu.au/courses/courses/pc/graduate-diploma-in-digital-communication-and-culture.html
graduate-diploma-in-indigenous-health-promotion,graduate diploma in indigenous health promotion,https://www.sydney.edu.au/courses/courses/pc/graduate-diploma-in-indigenous-health-promotion.html
graduate-diploma-in-international-relations,graduate diploma in international relations,https://www.sydney.edu.au/courses/courses/pc/graduate-diploma-in-international-relations.html
graduate-diploma-in-medical-imaging-science,graduate diploma in medical imaging science,https://www.sydney.edu.au/courses/courses/pc/graduate-diploma-in-medical-imaging-science.html
graduate-diploma-in-media-practice,graduate diploma in media practice,https://www.sydney.edu.au/courses/courses/pc/graduate-diploma-in-media-practice.html
graduate-diploma-in-project-management,graduate diploma in project management,https://www.sydney.edu.au/courses/courses/pc/graduate-diploma-in-project-management.html
graduate-diploma-in-strategic-public-relations,graduate diploma in strategic public relations,https://www.sydney.edu.au/courses/courses/pc/graduate-diploma-in-strategic-public-relations.html
master-of-english-studies,master of english studies,https://www.sydney.edu.au/courses/courses/pc/master-of-english-studies.html
master-of-international-relations,master of international relations,https://www.sydney.edu.au/courses/courses/pc/master-of-international-relations.html
master-of-marine-science-and-management,master of marine science and management,https://www.sydney.edu.au/courses/courses/pc/master-of-marine-science-and-management.html
master-of-media-practice,master of media practice,https://www.sydney.edu.au/courses/courses/pc/master-of-media-practice.html
master-of-strategic-public-relations,master of strategic public relations,https://www.sydney.edu.au/courses/courses/pc/master-of-strategic-public-relations.html
doctor-of-clinical-dentistry-oral-medicine,doctor of clinical dentistry oral medicine,https://www.sydney.edu.au/courses/courses/pc/doctor-of-clinical-dentistry-oral-medicine.html
graduate-certificate-in-economics,graduate certificate in economics,https://www.sydney.edu.au/courses/courses/pc/graduate-certificate-in-economics.html
graduate-certificate-in-marine-science-and-management,graduate certificate in marine science and management,https://www.sydney.edu.au/courses/courses/pc/graduate-certificate-in-marine-science-and-management.html
graduate-certificate-in-medicine-clinical-neurophysiology,graduate certificate in medicine clinical neurophysiology,https://www.sydney.edu.au/courses/courses/pc/graduate-certificate-in-medicine-clinical-neurophysiology.html
graduate-certificate-in-medicine-metabolic-health,graduate certificate in medicine metabolic health,https://www.sydney.edu.au/courses/courses/pc/graduate-certificate-in-medicine-metabolic-health.html
graduate-certificate-in-science-in-medicine-clinical-neurophysiology,graduate certificate in science in medicine clinical neurophysiology,https://www.sydney.edu.au/courses/courses/pc/graduate-certificate-in-science-in-medicine-clinical-neurophysiology.html
graduate-diploma-in-cultural-studies,graduate diploma in cultural studies,https://www.sydney.edu.au/courses/courses/pc/graduate-diploma-in-cultural-studies.html
graduate-diploma-in-law,graduate diploma in law,https://www.sydney.edu.au/courses/courses/pc/graduate-diploma-in-law.html
graduate-diploma-in-marine-science-and-management,graduate diploma in marine science and management,https://www.sydney.edu.au/courses/courses/pc/graduate-diploma-in-marine-science-and-management.html
graduate-diploma-in-medicine-clinical-neurophysiology,graduate diploma in medicine clinical neurophysiology,https://www.sydney.edu.au/courses/courses/pc/graduate-diploma-in-medicine-clinical-neurophysiology.html
graduate-diploma-in-medicine-metabolic-health,graduate diploma in medicine metabolic health,https://www.sydney.edu.au/courses/courses/pc/graduate-diploma-in-medicine-metabolic-health.html
graduate-diploma-in-science-in-medicine-clinical-neurophysiology,graduate diploma in science in medicine clinical neurophysiology,https://www.sydney.edu.au/courses/courses/pc/graduate-diploma-in-science-in-medicine-clinical-neurophysiology.html
master-of-bioethics,master of bioethics,https://www.sydney.edu.au/courses/courses/pc/master-of-bioethics.html
master-of-cultural-studies,master of cultural studies,https://www.sydney.edu.au/courses/courses/pc/master-of-cultural-studies.html
master-of-medical-imaging-science,master of medical imaging science,https://www.sydney.edu.au/courses/courses/pc/master-of-medical-imaging-science.html
master-of-medicine-advanced-clinical-neurophysiology,master of medicine advanced clinical neurophysiology,https://www.sydney.edu.au/courses/courses/pc/master-of-medicine-advanced-clinical-neurophysiology.html
master-of-medicine-clinical-neurophysiology,master of medicine clinical neurophysiology,https://www.sydney.edu.au/courses/courses/pc/master-of-medicine-clinical-neurophysiology.html
master-of-museum-and-heritage-studies,master of museum and heritage studies,https://www.sydney.edu.au/courses/courses/pc/master-of-museum-and-heritage-studies.html
master-of-project-management,master of project management,https://www.sydney.edu.au/courses/courses/pc/master-of-project-management.html
master-of-science-in-medicine-advanced-clinical-neurophysiology,master of science in medicine advanced clinical neurophysiology,https://www.sydney.edu.au/courses/courses/pc/master-of-science-in-medicine-advanced-clinical-neurophysiology.html
master-of-science-in-medicine-clinical-neurophysiology,master of science in medicine clinical neurophysiology,https://www.sydney.edu.au/courses/courses/pc/master-of-science-in-medicine-clinical-neurophysiology.html
doctor-of-veterinary-medicine,doctor of veterinary medicine,https://www.sydney.edu.au/courses/courses/pc/doctor-of-veterinary-medicine.html
master-of-veterinary-studies-clinical-residency-program,master of veterinary studies clinical residency program,https://www.sydney.edu.au/courses/courses/pc/master-of-veterinary-studies-clinical-residency-program.html
doctor-of-clinical-dentistry-oral-surgery,doctor of clinical dentistry oral surgery,https://www.sydney.edu.au/courses/courses/pc/doctor-of-clinical-dentistry-oral-surgery.html
graduate-diploma-in-bioethics,graduate diploma in bioethics,https://www.sydney.edu.au/courses/courses/pc/graduate-diploma-in-bioethics.html
graduate-diploma-in-business-administration,graduate diploma in business administration,https://www.sydney.edu.au/courses/courses/pc/graduate-diploma-in-business-administration.html
graduate-diploma-in-clinical-dentistry-surgical-dentistry,graduate diploma in clinical dentistry surgical dentistry,https://www.sydney.edu.au/courses/courses/pc/graduate-diploma-in-clinical-dentistry-surgical-dentistry.html
graduate-diploma-in-medical-physics,graduate diploma in medical physics,https://www.sydney.edu.au/courses/courses/pc/graduate-diploma-in-medical-physics.html
master-of-business-administration,master of business administration,https://www.sydney.edu.au/courses/courses/pc/master-of-business-administration.html
master-of-international-business,master of international business,https://www.sydney.edu.au/courses/courses/pc/master-of-international-business.html
master-of-science-in-coaching-psychology,master of science in coaching psychology,https://www.sydney.edu.au/courses/courses/pc/master-of-science-in-coaching-psychology.html
master-of-science-in-medicine-clinical-epidemiology,master of science in medicine clinical epidemiology,https://www.sydney.edu.au/courses/courses/pc/master-of-science-in-medicine-clinical-epidemiology.html
master-of-science-in-medicine-ophthalmic-science,master of science in medicine ophthalmic science,https://www.sydney.edu.au/courses/courses/pc/master-of-science-in-medicine-ophthalmic-science.html
doctor-of-clinical-dentistry-orthodontics,doctor of clinical dentistry orthodontics,https://www.sydney.edu.au/courses/courses/pc/doctor-of-clinical-dentistry-orthodontics.html
doctor-of-clinical-dentistry-paediatric-dentistry,doctor of clinical dentistry paediatric dentistry,https://www.sydney.edu.au/courses/courses/pc/doctor-of-clinical-dentistry-paediatric-dentistry.html
doctor-of-clinical-dentistry-periodontics,doctor of clinical dentistry periodontics,https://www.sydney.edu.au/courses/courses/pc/doctor-of-clinical-dentistry-periodontics.html
doctor-of-clinical-dentistry-prosthodontics,doctor of clinical dentistry prosthodontics,https://www.sydney.edu.au/courses/courses/pc/doctor-of-clinical-dentistry-prosthodontics.html
doctor-of-clinical-surgery,doctor of clinical surgery,https://www.sydney.edu.au/courses/courses/pc/doctor-of-clinical-surgery.html
graduate-diploma-in-music-performance,graduate diploma in music performance,https://www.sydney.edu.au/courses/courses/pc/graduate-diploma-in-music-performance.html
graduate-diploma-in-ophthalmic-science,graduate diploma in ophthalmic science,https://www.sydney.edu.au/courses/courses/pc/graduate-diploma-in-ophthalmic-science.html
graduate-diploma-in-pain-management,graduate diploma in pain management,https://www.sydney.edu.au/courses/courses/pc/graduate-diploma-in-pain-management.html
graduate-diploma-in-taxation,graduate diploma in taxation,https://www.sydney.edu.au/courses/courses/pc/graduate-diploma-in-taxation.html
graduate-diploma-in-urban-design,graduate diploma in urban design,https://www.sydney.edu.au/courses/courses/pc/graduate-diploma-in-urban-design.html
graduate-diploma-in-urban-and-regional-planning,graduate diploma in urban and regional planning,https://www.sydney.edu.au/courses/courses/pc/graduate-diploma-in-urban-and-regional-planning.html
master-of-business-administration-leadership-and-enterprise,master of business administration leadership and enterprise,https://www.sydney.edu.au/courses/courses/pc/master-of-business-administration-leadership-and-enterprise.html
master-of-interaction-design-and-electronic-arts-audio-and-acoustics,master of interaction design and electronic arts audio and acoustics,https://www.sydney.edu.au/courses/courses/pc/master-of-interaction-design-and-electronic-arts-audio-and-acoustics.html
master-of-interaction-design-and-electronic-arts-illumination-design,master of interaction design and electronic arts illumination design,https://www.sydney.edu.au/courses/courses/pc/master-of-interaction-design-and-electronic-arts-illumination-design.html
master-of-science-in-medicine-pain-management,master of science in medicine pain management,https://www.sydney.edu.au/courses/courses/pc/master-of-science-in-medicine-pain-management.html
master-of-social-work-qualifying,master of social work qualifying,https://www.sydney.edu.au/courses/courses/pc/master-of-social-work-qualifying.html
master-of-taxation,master of taxation,https://www.sydney.edu.au/courses/courses/pc/master-of-taxation.html
master-of-teaching-primary,master of teaching primary,https://www.sydney.edu.au/courses/courses/pc/master-of-teaching-primary.html
master-of-teaching-secondary,master of teaching secondary,https://www.sydney.edu.au/courses/courses/pc/master-of-teaching-secondary.html
master-of-urban-design,master of urban design,https://www.sydney.edu.au/courses/courses/pc/master-of-urban-design.html
graduate-diploma-in-international-law,graduate diploma in international law,https://www.sydney.edu.au/courses/courses/pc/graduate-diploma-in-international-law.html
graduate-diploma-in-international-ophthalmology,graduate diploma in international ophthalmology,https://www.sydney.edu.au/courses/courses/pc/graduate-diploma-in-international-ophthalmology.html
master-of-speech-language-pathology,master of speech language pathology,https://www.sydney.edu.au/courses/courses/pc/master-of-speech-language-pathology.html
graduate-diploma-in-crosscultural-and-applied-linguistics,graduate diploma in crosscultural and applied linguistics,https://www.sydney.edu.au/courses/courses/pc/graduate-diploma-in-crosscultural-and-applied-linguistics.html
master-of-crosscultural-and-applied-linguistics,master of crosscultural and applied linguistics,https://www.sydney.edu.au/courses/courses/pc/master-of-crosscultural-and-applied-linguistics.html
master-of-global-health,master of global health,https://www.sydney.edu.au/courses/courses/pc/master-of-global-health.html
graduate-diploma-in-public-health0,graduate diploma in public health0,https://www.sydney.edu.au/courses/courses/pc/graduate-diploma-in-public-health0.html
graduate-diploma-in-psychology0,graduate diploma in psychology0,https://www.sydney.edu.au/courses/courses/pc/graduate-diploma-in-psychology0.html
graduate-diploma-in-medicine-general-practice-and-primary-health-care,graduate diploma in medicine general practice and primary health care,https://www.sydney.edu.au/courses/courses/pc/graduate-diploma-in-medicine-general-practice-and-primary-health-care.html
master-of-public-health0,master of public health0,https://www.sydney.edu.au/courses/courses/pc/master-of-public-health0.html
master-of-medicine-trauma-informed-psychotherapy,master of medicine trauma informed psychotherapy,https://www.sydney.edu.au/courses/courses/pc/master-of-medicine-trauma-informed-psychotherapy.html
graduate-diploma-in-medicine-trauma-informed-psychotherapy,graduate diploma in medicine trauma informed psychotherapy,https://www.sydney.edu.au/courses/courses/pc/graduate-diploma-in-medicine-trauma-informed-psychotherapy.html
graduate-certificate-in-medicine-trauma-informed-psychotherapy,graduate certificate in medicine trauma informed psychotherapy,https://www.sydney.edu.au/courses/courses/pc/graduate-certificate-in-medicine-trauma-informed-psychotherapy.html
master-of-design-design-innovation-strategic-design,master of design design innovation strategic design,https://www.sydney.edu.au/courses/courses/pc/master-of-design-design-innovation-strategic-design.html
master-of-design-design-innovation,master of design design innovation,https://www.sydney.edu.au/courses/courses/pc/master-of-design-design-innovation.html
master-of-design-strategic-design,master of design strategic design,https://www.sydney.edu.au/courses/courses/pc/master-of-design-strategic-design.html
graduate-diploma-in-design,graduate diploma in design,https://www.sydney.edu.au/courses/courses/pc/graduate-diploma-in-design.html
master-of-science-in-medicine-advanced-trauma-informed-psychotherapy,master of science in medicine advanced trauma informed psychotherapy,https://www.sydney.edu.au/courses/courses/pc/master-of-science-in-medicine-advanced-trauma-informed-psychotherapy.html
master-of-science-in-medicine-trauma-informed-psychotherapy,master of science in medicine trauma informed psychotherapy,https://www.sydney.edu.au/courses/courses/pc/master-of-science-in-medicine-trauma-informed-psychotherapy.html
graduate-diploma-in-science-in-medicine-trauma-informed-psychotherapy,graduate diploma in science in medicine trauma informed psychotherapy,https://www.sydney.edu.au/courses/courses/pc/graduate-diploma-in-science-in-medicine-trauma-informed-psychotherapy.html
graduate-certificate-in-science-in-medicine-trauma-informed-psychotherapy,graduate certificate in science in medicine trauma informed psychotherapy,https://www.sydney.edu.au/courses/courses/pc/graduate-certificate-in-science-in-medicine-trauma-informed-psychotherapy.html
graduate-diploma-in-medicine-child-and-adolescent-health,graduate diploma in medicine child and adolescent health,https://www.sydney.edu.au/courses/courses/pc/graduate-diploma-in-medicine-child-and-adolescent-health.html
graduate-certificate-in-medicine-child-and-adolescent-health,graduate certificate in medicine child and adolescent health,https://www.sydney.edu.au/courses/courses/pc/graduate-certificate-in-medicine-child-and-adolescent-health.html
master-of-medicine-child-and-adolescent-health,master of medicine child and adolescent health,https://www.sydney.edu.au/courses/courses/pc/master-of-medicine-child-and-adolescent-health.html
graduate-certificate-in-transport,graduate certificate in transport,https://www.sydney.edu.au/courses/courses/pc/graduate-certificate-in-transport.html
graduate-diploma-in-transport,graduate diploma in transport,https://www.sydney.edu.au/courses/courses/pc/graduate-diploma-in-transport.html
master-of-transport,master of transport,https://www.sydney.edu.au/courses/courses/pc/master-of-transport.html
graduate-certificate-in-medicine-genomics-and-precision-medicine,graduate certificate in medicine genomics and precision medicine,https://www.sydney.edu.au/courses/courses/pc/graduate-certificate-in-medicine-genomics-and-precision-medicine.html
graduate-diploma-in-advanced-surgery-breast-surgery,graduate diploma in advanced surgery breast surgery,https://www.sydney.edu.au/courses/courses/pc/graduate-diploma-in-advanced-surgery-breast-surgery.html
graduate-diploma-in-medicine-genomics-and-precision-medicine,graduate diploma in medicine genomics and precision medicine,https://www.sydney.edu.au/courses/courses/pc/graduate-diploma-in-medicine-genomics-and-precision-medicine.html
graduate-diploma-in-surgery,graduate diploma in surgery,https://www.sydney.edu.au/courses/courses/pc/graduate-diploma-in-surgery.html
master-of-advanced-surgery-breast-surgery,master of advanced surgery breast surgery,https://www.sydney.edu.au/courses/courses/pc/master-of-advanced-surgery-breast-surgery.html
master-of-medicine-advanced-genomics-and-precision-medicine,master of medicine advanced genomics and precision medicine,https://www.sydney.edu.au/courses/courses/pc/master-of-medicine-advanced-genomics-and-precision-medicine.html
master-of-medicine-genomics-and-precision-medicine,master of medicine genomics and precision medicine,https://www.sydney.edu.au/courses/courses/pc/master-of-medicine-genomics-and-precision-medicine.html
doctor-of-medicine0,doctor of medicine0,https://www.sydney.edu.au/courses/courses/pc/doctor-of-medicine0.html
master-of-surgery,master of surgery,https://www.sydney.edu.au/courses/courses/pc/master-of-surgery.html
graduate-certificate-in-advanced-surgery-breast-surgery,graduate certificate in advanced surgery breast surgery,https://www.sydney.edu.au/courses/courses/pc/graduate-certificate-in-advanced-surgery-breast-surgery.html
graduate-certificate-in-surgery,graduate certificate in surgery,https://www.sydney.edu.au/courses/courses/pc/graduate-certificate-in-surgery.html
master-of-exercise-physiology0,master of exercise physiology0,https://www.sydney.edu.au/courses/courses/pc/master-of-exercise-physiology0.html
graduate-certificate-in-commerce0,graduate certificate in commerce0,https://www.sydney.edu.au/courses/courses/pc/graduate-certificate-in-commerce0.html
master-of-commerce0,master of commerce0,https://www.sydney.edu.au/courses/courses/pc/master-of-commerce0.html
master-of-commerce-extension,master of commerce extension,https://www.sydney.edu.au/courses/courses/pc/master-of-commerce-extension.html
graduate-diploma-in-commerce0,graduate diploma in commerce0,https://www.sydney.edu.au/courses/courses/pc/graduate-diploma-in-commerce0.html
graduate-certificate-in-agriculture-and-environment,graduate certificate in agriculture and environment,https://www.sydney.edu.au/courses/courses/pc/graduate-certificate-in-agriculture-and-environment.html
master-of-biomedical-science-genomics-and-precision-medicine,master of biomedical science genomics and precision medicine,https://www.sydney.edu.au/courses/courses/pc/master-of-biomedical-science-genomics-and-precision-medicine.html
master-of-biomedical-science-infection-and-immunity,master of biomedical science infection and immunity,https://www.sydney.edu.au/courses/courses/pc/master-of-biomedical-science-infection-and-immunity.html
master-of-dental-public-health,master of dental public health,https://www.sydney.edu.au/courses/courses/pc/master-of-dental-public-health.html
master-of-professional-engineering-accelerated-chemical-and-biomolecular,master of professional engineering accelerated chemical and biomolecular,https://www.sydney.edu.au/courses/courses/pc/master-of-professional-engineering-accelerated-chemical-and-biomolecular.html
graduate-diploma-in-biomedical-science-genomics-and-precision-medicine,graduate diploma in biomedical science genomics and precision medicine,https://www.sydney.edu.au/courses/courses/pc/graduate-diploma-in-biomedical-science-genomics-and-precision-medicine.html
graduate-diploma-in-biomedical-science-infection-and-immunity,graduate diploma in biomedical science infection and immunity,https://www.sydney.edu.au/courses/courses/pc/graduate-diploma-in-biomedical-science-infection-and-immunity.html
graduate-certificate-in-biomedical-science-infection-and-immunity,graduate certificate in biomedical science infection and immunity,https://www.sydney.edu.au/courses/courses/pc/graduate-certificate-in-biomedical-science-infection-and-immunity.html
graduate-certificate-in-biomedical-science-genomics-and-precision-medicine,graduate certificate in biomedical science genomics and precision medicine,https://www.sydney.edu.au/courses/courses/pc/graduate-certificate-in-biomedical-science-genomics-and-precision-medicine.html
graduate-diploma-in-social-justice-peace-and-conflict-studies,graduate diploma in social justice peace and conflict studies,https://www.sydney.edu.au/courses/courses/pc/graduate-diploma-in-social-justice-peace-and-conflict-studies.html
graduate-diploma-in-social-justice-development-studies,graduate diploma in social justice development studies,https://www.sydney.edu.au/courses/courses/pc/graduate-diploma-in-social-justice-development-studies.html
graduate-certificate-in-social-justice,graduate certificate in social justice,https://www.sydney.edu.au/courses/courses/pc/graduate-certificate-in-social-justice.html
graduate-diploma-in-social-justice-human-rights,graduate diploma in social justice human rights,https://www.sydney.edu.au/courses/courses/pc/graduate-diploma-in-social-justice-human-rights.html
master-of-social-justice-peace-and-conflict-studies,master of social justice peace and conflict studies,https://www.sydney.edu.au/courses/courses/pc/master-of-social-justice-peace-and-conflict-studies.html
master-of-social-justice-human-rights,master of social justice human rights,https://www.sydney.edu.au/courses/courses/pc/master-of-social-justice-human-rights.html
master-of-social-justice-development-studies,master of social justice development studies,https://www.sydney.edu.au/courses/courses/pc/master-of-social-justice-development-studies.html
master-of-science-in-medicine-advanced-critical-care-medicine,master of science in medicine advanced critical care medicine,https://www.sydney.edu.au/courses/courses/pc/master-of-science-in-medicine-advanced-critical-care-medicine.html
master-of-science-in-medicine-critical-care-medicine,master of science in medicine critical care medicine,https://www.sydney.edu.au/courses/courses/pc/master-of-science-in-medicine-critical-care-medicine.html
graduate-diploma-in-science-in-medicine-critical-care-medicine,graduate diploma in science in medicine critical care medicine,https://www.sydney.edu.au/courses/courses/pc/graduate-diploma-in-science-in-medicine-critical-care-medicine.html
graduate-certificate-in-science-in-medicine-critical-care-medicine,graduate certificate in science in medicine critical care medicine,https://www.sydney.edu.au/courses/courses/pc/graduate-certificate-in-science-in-medicine-critical-care-medicine.html
master-of-teaching-early-childhood,master of teaching early childhood,https://www.sydney.edu.au/courses/courses/pc/master-of-teaching-early-childhood.html
master-of-nutrition-and-dietetics0,master of nutrition and dietetics0,https://www.sydney.edu.au/courses/courses/pc/master-of-nutrition-and-dietetics0.html
graduate-diploma-in-medicine-sexual-and-reproductive-health0,graduate diploma in medicine sexual and reproductive health0,https://www.sydney.edu.au/courses/courses/pc/graduate-diploma-in-medicine-sexual-and-reproductive-health0.html
graduate-certificate-in-science-in-medicine-sexual-and-reproductive-health0,graduate certificate in science in medicine sexual and reproductive health0,https://www.sydney.edu.au/courses/courses/pc/graduate-certificate-in-science-in-medicine-sexual-and-reproductive-health0.html
master-of-science-in-medicine-advanced-sexual-and-reproductive-health0,master of science in medicine advanced sexual and reproductive health0,https://www.sydney.edu.au/courses/courses/pc/master-of-science-in-medicine-advanced-sexual-and-reproductive-health0.html
graduate-diploma-in-science-in-medicine-sexual-and-reproductive-health0,graduate diploma in science in medicine sexual and reproductive health0,https://www.sydney.edu.au/courses/courses/pc/graduate-diploma-in-science-in-medicine-sexual-and-reproductive-health0.html
master-of-medicine-sexual-and-reproductive-health0,master of medicine sexual and reproductive health0,https://www.sydney.edu.au/courses/courses/pc/master-of-medicine-sexual-and-reproductive-health0.html
master-of-medicine-advanced-sexual-and-reproductive-health0,master of medicine advanced sexual and reproductive health0,https://www.sydney.edu.au/courses/courses/pc/master-of-medicine-advanced-sexual-and-reproductive-health0.html
master-of-science-in-medicine-sexual-and-reproductive-health0,master of science in medicine sexual and reproductive health0,https://www.sydney.edu.au/courses/courses/pc/master-of-science-in-medicine-sexual-and-reproductive-health0.html
graduate-certificate-in-medicine-sexual-and-reproductive-health0,graduate certificate in medicine sexual and reproductive health0,https://www.sydney.edu.au/courses/courses/pc/graduate-certificate-in-medicine-sexual-and-reproductive-health0.html
doctor-of-dental-medicine0,doctor of dental medicine0,https://www.sydney.edu.au/courses/courses/pc/doctor-of-dental-medicine0.html
master-of-professional-accounting-and-business-performance,master of professional accounting and business performance,https://www.sydney.edu.au/courses/courses/pc/master-of-professional-accounting-and-business-performance.html
graduate-diploma-in-professional-accounting-and-business-performance,graduate diploma in professional accounting and business performance,https://www.sydney.edu.au/courses/courses/pc/graduate-diploma-in-professional-accounting-and-business-performance.html
doctor-of-clinical-dentistry-special-needs-dentistry0,doctor of clinical dentistry special needs dentistry0,https://www.sydney.edu.au/courses/courses/pc/doctor-of-clinical-dentistry-special-needs-dentistry0.html
master-of-data-science0,master of data science0,https://www.sydney.edu.au/courses/courses/pc/master-of-data-science0.html
graduate-diploma-in-data-science,graduate diploma in data science,https://www.sydney.edu.au/courses/courses/pc/graduate-diploma-in-data-science.html
graduate-certificate-in-data-science0,graduate certificate in data science0,https://www.sydney.edu.au/courses/courses/pc/graduate-certificate-in-data-science0.html
master-of-cybersecurity,master of cybersecurity,https://www.sydney.edu.au/courses/courses/pc/master-of-cybersecurity.html
graduate-diploma-in-cybersecurity,graduate diploma in cybersecurity,https://www.sydney.edu.au/courses/courses/pc/graduate-diploma-in-cybersecurity.html
graduate-certificate-in-cybersecurity,graduate certificate in cybersecurity,https://www.sydney.edu.au/courses/courses/pc/graduate-certificate-in-cybersecurity.html
master-of-medicine-advanced-trauma-informed-psychotherapy1,master of medicine advanced trauma informed psychotherapy1,https://www.sydney.edu.au/courses/courses/pc/master-of-medicine-advanced-trauma-informed-psychotherapy1.html
doctor-of-physiotherapy,doctor of physiotherapy,https://www.sydney.edu.au/courses/courses/pc/doctor-of-physiotherapy.html
graduate-certificate-in-human-and-community-services-interpersonal-trauma,graduate certificate in human and community services interpersonal trauma,https://www.sydney.edu.au/courses/courses/pc/graduate-certificate-in-human-and-community-services-interpersonal-trauma.html
master-of-computer-science,master of computer science,https://www.sydney.edu.au/courses/courses/pc/master-of-computer-science.html
master-of-computer-science-advanced-entry,master of computer science advanced entry,https://www.sydney.edu.au/courses/courses/pc/master-of-computer-science-advanced-entry.html
graduate-diploma-in-computer-science,graduate diploma in computer science,https://www.sydney.edu.au/courses/courses/pc/graduate-diploma-in-computer-science.html
graduate-certificate-in-computer-science,graduate certificate in computer science,https://www.sydney.edu.au/courses/courses/pc/graduate-certificate-in-computer-science.html
graduate-diploma-in-clinical-dentistry-advanced-restorative0,graduate diploma in clinical dentistry advanced restorative0,https://www.sydney.edu.au/courses/courses/pc/graduate-diploma-in-clinical-dentistry-advanced-restorative0.html
graduate-certificate-in-clinical-dentistry-advanced-restorative0,graduate certificate in clinical dentistry advanced restorative0,https://www.sydney.edu.au/courses/courses/pc/graduate-certificate-in-clinical-dentistry-advanced-restorative0.html
master-of-health-policy-and-planning,master of health policy and planning,https://www.sydney.edu.au/courses/courses/pc/master-of-health-policy-and-planning.html
graduate-diploma-in-health-policy-and-planning,graduate diploma in health policy and planning,https://www.sydney.edu.au/courses/courses/pc/graduate-diploma-in-health-policy-and-planning.html
graduate-certificate-in-health-policy-and-planning,graduate certificate in health policy and planning,https://www.sydney.edu.au/courses/courses/pc/graduate-certificate-in-health-policy-and-planning.html
master-of-film-and-screen-arts,master of film and screen arts,https://www.sydney.edu.au/courses/courses/pc/master-of-film-and-screen-arts.html
graduate-certificate-in-crosscultural-and-applied-linguistics,graduate certificate in crosscultural and applied linguistics,https://www.sydney.edu.au/courses/courses/pc/graduate-certificate-in-crosscultural-and-applied-linguistics.html
doctor-of-clinical-dentistry-endodontics,doctor of clinical dentistry endodontics,https://www.sydney.edu.au/courses/courses/pc/doctor-of-clinical-dentistry-endodontics.html
master-of-engineering-software-engineering,master of engineering software engineering,https://www.sydney.edu.au/courses/courses/pc/master-of-engineering-software-engineering.html
master-of-engineering-civil-engineering0,master of engineering civil engineering0,https://www.sydney.edu.au/courses/courses/pc/master-of-engineering-civil-engineering0.html
master-of-engineering-electrical-engineering0,master of engineering electrical engineering0,https://www.sydney.edu.au/courses/courses/pc/master-of-engineering-electrical-engineering0.html
master-of-engineering-mechanical-engineering0,master of engineering mechanical engineering0,https://www.sydney.edu.au/courses/courses/pc/master-of-engineering-mechanical-engineering0.html
master-of-engineering-sustainability-and-environmental-engineering0,master of engineering sustainability and environmental engineering0,https://www.sydney.edu.au/courses/courses/pc/master-of-engineering-sustainability-and-environmental-engineering0.html
master-of-engineering-biomedical-engineering0,master of engineering biomedical engineering0,https://www.sydney.edu.au/courses/courses/pc/master-of-engineering-biomedical-engineering0.html
master-of-engineering-advanced-manufacturing,master of engineering advanced manufacturing,https://www.sydney.edu.au/courses/courses/pc/master-of-engineering-advanced-manufacturing.html
master-of-engineering-chemical-and-biomolecular-engineering0,master of engineering chemical and biomolecular engineering0,https://www.sydney.edu.au/courses/courses/pc/master-of-engineering-chemical-and-biomolecular-engineering0.html
master-of-professional-engineering-sustainability-and-environmental-engineering0,master of professional engineering sustainability and environmental engineering0,https://www.sydney.edu.au/courses/courses/pc/master-of-professional-engineering-sustainability-and-environmental-engineering0.html
master-of-professional-engineering-civil-engineering,master of professional engineering civil engineering,https://www.sydney.edu.au/courses/courses/pc/master-of-professional-engineering-civil-engineering.html
master-of-professional-engineering-electrical-engineering,master of professional engineering electrical engineering,https://www.sydney.edu.au/courses/courses/pc/master-of-professional-engineering-electrical-engineering.html
master-of-professional-engineering-mechanical-engineering,master of professional engineering mechanical engineering,https://www.sydney.edu.au/courses/courses/pc/master-of-professional-engineering-mechanical-engineering.html
master-of-professional-engineering-software-engineering,master of professional engineering software engineering,https://www.sydney.edu.au/courses/courses/pc/master-of-professional-engineering-software-engineering.html
master-of-professional-engineering-biomedical-engineering,master of professional engineering biomedical engineering,https://www.sydney.edu.au/courses/courses/pc/master-of-professional-engineering-biomedical-engineering.html
master-of-professional-engineering-aerospace-engineering,master of professional engineering aerospace engineering,https://www.sydney.edu.au/courses/courses/pc/master-of-professional-engineering-aerospace-engineering.html
master-of-professional-engineering-chemical-and-biomolecular-engineering,master of professional engineering chemical and biomolecular engineering,https://www.sydney.edu.au/courses/courses/pc/master-of-professional-engineering-chemical-and-biomolecular-engineering.html
master-of-professional-engineering-accelerated-mechanical-engineering,master of professional engineering accelerated mechanical engineering,https://www.sydney.edu.au/courses/courses/pc/master-of-professional-engineering-accelerated-mechanical-engineering.html
master-of-professional-engineering-accelerated-civil-engineering,master of professional engineering accelerated civil engineering,https://www.sydney.edu.au/courses/courses/pc/master-of-professional-engineering-accelerated-civil-engineering.html
master-of-professional-engineering-accelerated-electrical-engineering,master of professional engineering accelerated electrical engineering,https://www.sydney.edu.au/courses/courses/pc/master-of-professional-engineering-accelerated-electrical-engineering.html
master-of-professional-engineering-accelerated-software-engineering,master of professional engineering accelerated software engineering,https://www.sydney.edu.au/courses/courses/pc/master-of-professional-engineering-accelerated-software-engineering.html
master-of-professional-engineering-accelerated-biomedical-engineering,master of professional engineering accelerated biomedical engineering,https://www.sydney.edu.au/courses/courses/pc/master-of-professional-engineering-accelerated-biomedical-engineering.html
master-of-professional-engineering-accelerated-aerospace-engineering,master of professional engineering accelerated aerospace engineering,https://www.sydney.edu.au/courses/courses/pc/master-of-professional-engineering-accelerated-aerospace-engineering.html
master-of-professional-engineering-accelerated-chemical-and-biomolecular-engineering,master of professional engineering accelerated chemical and biomolecular engineering,https://www.sydney.edu.au/courses/courses/pc/master-of-professional-engineering-accelerated-chemical-and-biomolecular-engineering.html
master-of-pharmacy0,master of pharmacy0,https://www.sydney.edu.au/courses/courses/pc/master-of-pharmacy0.html
graduate-diploma-in-building-performance-and-sustainable-design,graduate diploma in building performance and sustainable design,https://www.sydney.edu.au/courses/courses/pc/graduate-diploma-in-building-performance-and-sustainable-design.html
graduate-certificate-in-building-performance-and-sustainable-design,graduate certificate in building performance and sustainable design,https://www.sydney.edu.au/courses/courses/pc/graduate-certificate-in-building-performance-and-sustainable-design.html
master-of-building-performance-and-sustainable-design,master of building performance and sustainable design,https://www.sydney.edu.au/courses/courses/pc/master-of-building-performance-and-sustainable-design.html
master-of-nursing,master of nursing,https://www.sydney.edu.au/courses/courses/pc/master-of-nursing.html
master-of-business-administration-technology-and-digital-strategy,master of business administration technology and digital strategy,https://www.sydney.edu.au/courses/courses/pc/master-of-business-administration-technology-and-digital-strategy.html
graduate-diploma-in-business-administration-technology-and-digital-strategy,graduate diploma in business administration technology and digital strategy,https://www.sydney.edu.au/courses/courses/pc/graduate-diploma-in-business-administration-technology-and-digital-strategy.html
graduate-certificate-in-business-administration-technology-and-digital-strategy,graduate certificate in business administration technology and digital strategy,https://www.sydney.edu.au/courses/courses/pc/graduate-certificate-in-business-administration-technology-and-digital-strategy.html
sydney-professional-certificate-in-oncoplastic-breast-surgery0,sydney professional certificate in oncoplastic breast surgery0,https://www.sydney.edu.au/courses/courses/pc/sydney-professional-certificate-in-oncoplastic-breast-surgery0.html
sydney-professional-certificate-in-retrieval-medicine0,sydney professional certificate in retrieval medicine0,https://www.sydney.edu.au/courses/courses/pc/sydney-professional-certificate-in-retrieval-medicine0.html
sydney-professional-certificate-in-neurological-electrodiagnosis0,sydney professional certificate in neurological electrodiagnosis0,https://www.sydney.edu.au/courses/courses/pc/sydney-professional-certificate-in-neurological-electrodiagnosis0.html
sydney-professional-certificate-in-metabolic-management0,sydney professional certificate in metabolic management0,https://www.sydney.edu.au/courses/courses/pc/sydney-professional-certificate-in-metabolic-management0.html
sydney-professional-certificate-in-metabolic-health0,sydney professional certificate in metabolic health0,https://www.sydney.edu.au/courses/courses/pc/sydney-professional-certificate-in-metabolic-health0.html
sydney-professional-certificate-in-leadership-in-health0,sydney professional certificate in leadership in health0,https://www.sydney.edu.au/courses/courses/pc/sydney-professional-certificate-in-leadership-in-health0.html
sydney-professional-certificate-in-qualitative-health-research0,sydney professional certificate in qualitative health research0,https://www.sydney.edu.au/courses/courses/pc/sydney-professional-certificate-in-qualitative-health-research0.html
sydney-professional-certificate-in-psychology-of-pain0,sydney professional certificate in psychology of pain0,https://www.sydney.edu.au/courses/courses/pc/sydney-professional-certificate-in-psychology-of-pain0.html
sydney-professional-certificate-in-orofacial-pain-science0,sydney professional certificate in orofacial pain science0,https://www.sydney.edu.au/courses/courses/pc/sydney-professional-certificate-in-orofacial-pain-science0.html
sydney-professional-certificate-in-biostatistics-in-health0,sydney professional certificate in biostatistics in health0,https://www.sydney.edu.au/courses/courses/pc/sydney-professional-certificate-in-biostatistics-in-health0.html
sydney-professional-certificate-in-diagnostic-electroencephalography-eeg0,sydney professional certificate in diagnostic electroencephalography eeg0,https://www.sydney.edu.au/courses/courses/pc/sydney-professional-certificate-in-diagnostic-electroencephalography-eeg0.html
sydney-professional-certificate-in-diabetes-management0,sydney professional certificate in diabetes management0,https://www.sydney.edu.au/courses/courses/pc/sydney-professional-certificate-in-diabetes-management0.html
sydney-professional-certificate-in-foundations-in-higher-education0,sydney professional certificate in foundations in higher education0,https://www.sydney.edu.au/courses/courses/pc/sydney-professional-certificate-in-foundations-in-higher-education0.html
sydney-professional-certificate-in-intensive-care-medicine0,sydney professional certificate in intensive care medicine0,https://www.sydney.edu.au/courses/courses/pc/sydney-professional-certificate-in-intensive-care-medicine0.html
sydney-professional-certificate-in-intraoperative-neuromonitoring0,sydney professional certificate in intraoperative neuromonitoring0,https://www.sydney.edu.au/courses/courses/pc/sydney-professional-certificate-in-intraoperative-neuromonitoring0.html
graduate-diploma-in-teaching-english-to-speakers-of-other-languages,graduate diploma in teaching english to speakers of other languages,https://www.sydney.edu.au/courses/courses/pc/graduate-diploma-in-teaching-english-to-speakers-of-other-languages.html
graduate-certificate-in-teaching-english-to-speakers-of-other-languages,graduate certificate in teaching english to speakers of other languages,https://www.sydney.edu.au/courses/courses/pc/graduate-certificate-in-teaching-english-to-speakers-of-other-languages.html
master-of-teaching-english-to-speakers-of-other-languages,master of teaching english to speakers of other languages,https://www.sydney.edu.au/courses/courses/pc/master-of-teaching-english-to-speakers-of-other-languages.html
master-of-education-educational-leadership0,master of education educational leadership0,https://www.sydney.edu.au/courses/courses/pc/master-of-education-educational-leadership0.html
master-of-education-educational-psychology0,master of education educational psychology0,https://www.sydney.edu.au/courses/courses/pc/master-of-education-educational-psychology0.html
master-of-education0,master of education0,https://www.sydney.edu.au/courses/courses/pc/master-of-education0.html
graduate-diploma-in-educational-studies-educational-psychology0,graduate diploma in educational studies educational psychology0,https://www.sydney.edu.au/courses/courses/pc/graduate-diploma-in-educational-studies-educational-psychology0.html
graduate-diploma-in-educational-studies-educational-leadership0,graduate diploma in educational studies educational leadership0,https://www.sydney.edu.au/courses/courses/pc/graduate-diploma-in-educational-studies-educational-leadership0.html
graduate-diploma-in-educational-studies0,graduate diploma in educational studies0,https://www.sydney.edu.au/courses/courses/pc/graduate-diploma-in-educational-studies0.html
graduate-certificate-in-educational-studies-educational-psychology0,graduate certificate in educational studies educational psychology0,https://www.sydney.edu.au/courses/courses/pc/graduate-certificate-in-educational-studies-educational-psychology0.html
graduate-certificate-in-educational-studies0,graduate certificate in educational studies0,https://www.sydney.edu.au/courses/courses/pc/graduate-certificate-in-educational-studies0.html
graduate-certificate-in-educational-studies-educational-leadership0,graduate certificate in educational studies educational leadership0,https://www.sydney.edu.au/courses/courses/pc/graduate-certificate-in-educational-studies-educational-leadership0.html
graduate-certificate-in-educational-studies-higher-education0,graduate certificate in educational studies higher education0,https://www.sydney.edu.au/courses/courses/pc/graduate-certificate-in-educational-studies-higher-education0.html
graduate-diploma-in-educational-studies-leadership-in-aboriginal-education0,graduate diploma in educational studies leadership in aboriginal education0,https://www.sydney.edu.au/courses/courses/pc/graduate-diploma-in-educational-studies-leadership-in-aboriginal-education0.html
graduate-certificate-in-educational-studies-leadership-in-aboriginal-education0,graduate certificate in educational studies leadership in aboriginal education0,https://www.sydney.edu.au/courses/courses/pc/graduate-certificate-in-educational-studies-leadership-in-aboriginal-education0.html
master-of-education-leadership-in-aboriginal-education0,master of education leadership in aboriginal education0,https://www.sydney.edu.au/courses/courses/pc/master-of-education-leadership-in-aboriginal-education0.html
graduate-diploma-in-educational-studies-special-and-inclusive-education1,graduate diploma in educational studies special and inclusive education1,https://www.sydney.edu.au/courses/courses/pc/graduate-diploma-in-educational-studies-special-and-inclusive-education1.html
graduate-certificate-in-educational-studies-special-and-inclusive-education1,graduate certificate in educational studies special and inclusive education1,https://www.sydney.edu.au/courses/courses/pc/graduate-certificate-in-educational-studies-special-and-inclusive-education1.html
master-of-education-special-and-inclusive-education1,master of education special and inclusive education1,https://www.sydney.edu.au/courses/courses/pc/master-of-education-special-and-inclusive-education1.html
graduate-diploma-in-heritage-conservation0,graduate diploma in heritage conservation0,https://www.sydney.edu.au/courses/courses/pc/graduate-diploma-in-heritage-conservation0.html
graduate-certificate-in-heritage-conservation0,graduate certificate in heritage conservation0,https://www.sydney.edu.au/courses/courses/pc/graduate-certificate-in-heritage-conservation0.html
master-of-heritage-conservation0,master of heritage conservation0,https://www.sydney.edu.au/courses/courses/pc/master-of-heritage-conservation0.html
master-of-advanced-nursing-practice0,master of advanced nursing practice0,https://www.sydney.edu.au/courses/courses/pc/master-of-advanced-nursing-practice0.html
graduate-diploma-in-sustainability0,graduate diploma in sustainability0,https://www.sydney.edu.au/courses/courses/pc/graduate-diploma-in-sustainability0.html
master-of-sustainability0,master of sustainability0,https://www.sydney.edu.au/courses/courses/pc/master-of-sustainability0.html
graduate-certificate-in-sustainability0,graduate certificate in sustainability0,https://www.sydney.edu.au/courses/courses/pc/graduate-certificate-in-sustainability0.html
master-of-digital-health-and-data-science0,master of digital health and data science0,https://www.sydney.edu.au/courses/courses/pc/master-of-digital-health-and-data-science0.html
graduate-certificate-in-digital-health-and-data-science0,graduate certificate in digital health and data science0,https://www.sydney.edu.au/courses/courses/pc/graduate-certificate-in-digital-health-and-data-science0.html
graduate-diploma-in-agriculture-and-environment0,graduate diploma in agriculture and environment0,https://www.sydney.edu.au/courses/courses/pc/graduate-diploma-in-agriculture-and-environment0.html
master-of-environmental-science0,master of environmental science0,https://www.sydney.edu.au/courses/courses/pc/master-of-environmental-science0.html
graduate-diploma-in-environmental-science0,graduate diploma in environmental science0,https://www.sydney.edu.au/courses/courses/pc/graduate-diploma-in-environmental-science0.html
master-of-environmental-science-and-law0,master of environmental science and law0,https://www.sydney.edu.au/courses/courses/pc/master-of-environmental-science-and-law0.html
graduate-certificate-in-environmental-science0,graduate certificate in environmental science0,https://www.sydney.edu.au/courses/courses/pc/graduate-certificate-in-environmental-science0.html
master-of-veterinary-clinical-studies,master of veterinary clinical studies,https://www.sydney.edu.au/courses/courses/pr/master-of-veterinary-clinical-studies.html
doctor-of-philosophy-science-mcp-and-phd,doctor of philosophy science mcp and phd,https://www.sydney.edu.au/courses/courses/pr/doctor-of-philosophy-science-mcp-and-phd.html
doctor-of-philosophy-arts-and-social-sciences0,doctor of philosophy arts and social sciences0,https://www.sydney.edu.au/courses/courses/pr/doctor-of-philosophy-arts-and-social-sciences0.html
doctor-of-philosophy-business0,doctor of philosophy business0,https://www.sydney.edu.au/courses/courses/pr/doctor-of-philosophy-business0.html
doctor-of-philosophy-engineering,doctor of philosophy engineering,https://www.sydney.edu.au/courses/courses/pr/doctor-of-philosophy-engineering.html
doctor-of-philosophy-medicine-and-health0,doctor of philosophy medicine and health0,https://www.sydney.edu.au/courses/courses/pr/doctor-of-philosophy-medicine-and-health0.html
doctor-of-philosophy-science0,doctor of philosophy science0,https://www.sydney.edu.au/courses/courses/pr/doctor-of-philosophy-science0.html
doctor-of-musical-arts0,doctor of musical arts0,https://www.sydney.edu.au/courses/courses/pr/doctor-of-musical-arts0.html
doctor-of-philosophy-architecture-design-and-planning,doctor of philosophy architecture design and planning,https://www.sydney.edu.au/courses/courses/pr/doctor-of-philosophy-architecture-design-and-planning.html
doctor-of-philosophy-law0,doctor of philosophy law0,https://www.sydney.edu.au/courses/courses/pr/doctor-of-philosophy-law0.html
doctor-of-philosophy-music,doctor of philosophy music,https://www.sydney.edu.au/courses/courses/pr/doctor-of-philosophy-music.html
master-of-criminology-research,master of criminology research,https://www.sydney.edu.au/courses/courses/pr/master-of-criminology-research.html
master-of-arts-research0,master of arts research0,https://www.sydney.edu.au/courses/courses/pr/master-of-arts-research0.html
master-of-philosophy-business0,master of philosophy business0,https://www.sydney.edu.au/courses/courses/pr/master-of-philosophy-business0.html
master-of-laws-research,master of laws research,https://www.sydney.edu.au/courses/courses/pr/master-of-laws-research.html
master-of-philosophy-engineering,master of philosophy engineering,https://www.sydney.edu.au/courses/courses/pr/master-of-philosophy-engineering.html
master-of-fine-arts0,master of fine arts0,https://www.sydney.edu.au/courses/courses/pr/master-of-fine-arts0.html
master-of-philosophy-arts-and-social-sciences,master of philosophy arts and social sciences,https://www.sydney.edu.au/courses/courses/pr/master-of-philosophy-arts-and-social-sciences.html
master-of-education-research0,master of education research0,https://www.sydney.edu.au/courses/courses/pr/master-of-education-research0.html
master-of-philosophy-architecture-design-and-planning,master of philosophy architecture design and planning,https://www.sydney.edu.au/courses/courses/pr/master-of-philosophy-architecture-design-and-planning.html
master-of-philosophy-science0,master of philosophy science0,https://www.sydney.edu.au/courses/courses/pr/master-of-philosophy-science0.html
master-of-music-musicology0,master of music musicology0,https://www.sydney.edu.au/courses/courses/pr/master-of-music-musicology0.html
master-of-music-music-education0,master of music music education0,https://www.sydney.edu.au/courses/courses/pr/master-of-music-music-education0.html
master-of-music-composition0,master of music composition0,https://www.sydney.edu.au/courses/courses/pr/master-of-music-composition0.html
master-of-music-performance0,master of music performance0,https://www.sydney.edu.au/courses/courses/pr/master-of-music-performance0.html
master-of-philosophy-medicine-and-health,master of philosophy medicine and health,https://www.sydney.edu.au/courses/courses/pr/master-of-philosophy-medicine-and-health.html
bachelor-of-commerce0,bachelor of commerce0,https://www.sydney.edu.au/courses/courses/uc/bachelor-of-commerce0.html
bachelor-of-commerce-and-bachelor-of-science0,bachelor of commerce and bachelor of science0,https://www.sydney.edu.au/courses/courses/uc/bachelor-of-commerce-and-bachelor-of-science0.html
bachelor-of-commerce-and-bachelor-of-arts0,bachelor of commerce and bachelor of arts0,https://www.sydney.edu.au/courses/courses/uc/bachelor-of-commerce-and-bachelor-of-arts0.html
bachelor-of-engineering-honours-and-bachelor-of-commerce0,bachelor of engineering honours and bachelor of commerce0,https://www.sydney.edu.au/courses/courses/uc/bachelor-of-engineering-honours-and-bachelor-of-commerce0.html
bachelor-of-commerce-and-bachelor-of-laws0,bachelor of commerce and bachelor of laws0,https://www.sydney.edu.au/courses/courses/uc/bachelor-of-commerce-and-bachelor-of-laws0.html
bachelor-of-advanced-computing-and-bachelor-of-commerce0,bachelor of advanced computing and bachelor of commerce0,https://www.sydney.edu.au/courses/courses/uc/bachelor-of-advanced-computing-and-bachelor-of-commerce0.html
diploma-of-music,diploma of music,https://www.sydney.edu.au/courses/courses/uc/diploma-of-music.html
bachelor-of-music-composition,bachelor of music composition,https://www.sydney.edu.au/courses/courses/uc/bachelor-of-music-composition.html
bachelor-of-music-music-education,bachelor of music music education,https://www.sydney.edu.au/courses/courses/uc/bachelor-of-music-music-education.html
bachelor-of-music-performance,bachelor of music performance,https://www.sydney.edu.au/courses/courses/uc/bachelor-of-music-performance.html
bachelor-of-arts-languages-honours,bachelor of arts languages honours,https://www.sydney.edu.au/courses/courses/uc/bachelor-of-arts-languages-honours.html
bachelor-of-arts-media-and-communications-honours,bachelor of arts media and communications honours,https://www.sydney.edu.au/courses/courses/uc/bachelor-of-arts-media-and-communications-honours.html
bachelor-of-arts-honours,bachelor of arts honours,https://www.sydney.edu.au/courses/courses/uc/bachelor-of-arts-honours.html
bachelor-of-health-sciences-honours,bachelor of health sciences honours,https://www.sydney.edu.au/courses/courses/uc/bachelor-of-health-sciences-honours.html
bachelor-of-international-and-global-studies-honours,bachelor of international and global studies honours,https://www.sydney.edu.au/courses/courses/uc/bachelor-of-international-and-global-studies-honours.html
bachelor-of-design-in-architecture,bachelor of design in architecture,https://www.sydney.edu.au/courses/courses/uc/bachelor-of-design-in-architecture.html
bachelor-of-applied-science-exercise-and-sport-science-honours,bachelor of applied science exercise and sport science honours,https://www.sydney.edu.au/courses/courses/uc/bachelor-of-applied-science-exercise-and-sport-science-honours.html
bachelor-of-commerce-honours,bachelor of commerce honours,https://www.sydney.edu.au/courses/courses/uc/bachelor-of-commerce-honours.html
bachelor-of-design-in-architecture-honours,bachelor of design in architecture honours,https://www.sydney.edu.au/courses/courses/uc/bachelor-of-design-in-architecture-honours.html
bachelor-of-economics-honours,bachelor of economics honours,https://www.sydney.edu.au/courses/courses/uc/bachelor-of-economics-honours.html
bachelor-of-liberal-arts-and-science-honours,bachelor of liberal arts and science honours,https://www.sydney.edu.au/courses/courses/uc/bachelor-of-liberal-arts-and-science-honours.html
bachelor-of-medical-science-honours,bachelor of medical science honours,https://www.sydney.edu.au/courses/courses/uc/bachelor-of-medical-science-honours.html
bachelor-of-music-studies-honours,bachelor of music studies honours,https://www.sydney.edu.au/courses/courses/uc/bachelor-of-music-studies-honours.html
bachelor-of-nursing-honours,bachelor of nursing honours,https://www.sydney.edu.au/courses/courses/uc/bachelor-of-nursing-honours.html
bachelor-of-political-economic-and-social-sciences-honours,bachelor of political economic and social sciences honours,https://www.sydney.edu.au/courses/courses/uc/bachelor-of-political-economic-and-social-sciences-honours.html
bachelor-of-science-honours,bachelor of science honours,https://www.sydney.edu.au/courses/courses/uc/bachelor-of-science-honours.html
bachelor-of-design-in-architecture-honours-and-master-of-architecture,bachelor of design in architecture honours and master of architecture,https://www.sydney.edu.au/courses/courses/uc/bachelor-of-design-in-architecture-honours-and-master-of-architecture.html
bachelor-of-commerce-and-bachelor-of-advanced-studies-dalyell-scholars,bachelor of commerce and bachelor of advanced studies dalyell scholars,https://www.sydney.edu.au/courses/courses/uc/bachelor-of-commerce-and-bachelor-of-advanced-studies-dalyell-scholars.html
bachelor-of-visual-arts-and-bachelor-of-advanced-studies,bachelor of visual arts and bachelor of advanced studies,https://www.sydney.edu.au/courses/courses/uc/bachelor-of-visual-arts-and-bachelor-of-advanced-studies.html
bachelor-of-science-and-doctor-of-medicine,bachelor of science and doctor of medicine,https://www.sydney.edu.au/courses/courses/uc/bachelor-of-science-and-doctor-of-medicine.html
bachelor-of-science-and-master-of-nutrition-and-dietetics,bachelor of science and master of nutrition and dietetics,https://www.sydney.edu.au/courses/courses/uc/bachelor-of-science-and-master-of-nutrition-and-dietetics.html
bachelor-of-arts-and-bachelor-of-social-work,bachelor of arts and bachelor of social work,https://www.sydney.edu.au/courses/courses/uc/bachelor-of-arts-and-bachelor-of-social-work.html
bachelor-of-commerce-and-bachelor-of-advanced-studies,bachelor of commerce and bachelor of advanced studies,https://www.sydney.edu.au/courses/courses/uc/bachelor-of-commerce-and-bachelor-of-advanced-studies.html
bachelor-of-architecture-and-environments-honours,bachelor of architecture and environments honours,https://www.sydney.edu.au/courses/courses/uc/bachelor-of-architecture-and-environments-honours.html
bachelor-of-project-management-honours,bachelor of project management honours,https://www.sydney.edu.au/courses/courses/uc/bachelor-of-project-management-honours.html
bachelor-of-advanced-computing-and-bachelor-of-science,bachelor of advanced computing and bachelor of science,https://www.sydney.edu.au/courses/courses/uc/bachelor-of-advanced-computing-and-bachelor-of-science.html
bachelor-of-advanced-computing-and-bachelor-of-science-health,bachelor of advanced computing and bachelor of science health,https://www.sydney.edu.au/courses/courses/uc/bachelor-of-advanced-computing-and-bachelor-of-science-health.html
bachelor-of-advanced-computing-and-bachelor-of-science-medical-science,bachelor of advanced computing and bachelor of science medical science,https://www.sydney.edu.au/courses/courses/uc/bachelor-of-advanced-computing-and-bachelor-of-science-medical-science.html
bachelor-of-advanced-computing,bachelor of advanced computing,https://www.sydney.edu.au/courses/courses/uc/bachelor-of-advanced-computing.html
bachelor-of-arts-and-bachelor-of-advanced-studies,bachelor of arts and bachelor of advanced studies,https://www.sydney.edu.au/courses/courses/uc/bachelor-of-arts-and-bachelor-of-advanced-studies.html
bachelor-of-arts-and-bachelor-of-laws,bachelor of arts and bachelor of laws,https://www.sydney.edu.au/courses/courses/uc/bachelor-of-arts-and-bachelor-of-laws.html
bachelor-of-arts-and-doctor-of-medicine,bachelor of arts and doctor of medicine,https://www.sydney.edu.au/courses/courses/uc/bachelor-of-arts-and-doctor-of-medicine.html
bachelor-of-arts,bachelor of arts,https://www.sydney.edu.au/courses/courses/uc/bachelor-of-arts.html
bachelor-of-music,bachelor of music,https://www.sydney.edu.au/courses/courses/uc/bachelor-of-music.html
bachelor-of-economics,bachelor of economics,https://www.sydney.edu.au/courses/courses/uc/bachelor-of-economics.html
bachelor-of-science-and-bachelor-of-advanced-studies,bachelor of science and bachelor of advanced studies,https://www.sydney.edu.au/courses/courses/uc/bachelor-of-science-and-bachelor-of-advanced-studies.html
bachelor-of-science-and-bachelor-of-advanced-studies-advanced,bachelor of science and bachelor of advanced studies advanced,https://www.sydney.edu.au/courses/courses/uc/bachelor-of-science-and-bachelor-of-advanced-studies-advanced.html
bachelor-of-science-and-bachelor-of-advanced-studies-health,bachelor of science and bachelor of advanced studies health,https://www.sydney.edu.au/courses/courses/uc/bachelor-of-science-and-bachelor-of-advanced-studies-health.html
bachelor-of-science-and-bachelor-of-advanced-studies-medical-science,bachelor of science and bachelor of advanced studies medical science,https://www.sydney.edu.au/courses/courses/uc/bachelor-of-science-and-bachelor-of-advanced-studies-medical-science.html
bachelor-of-science,bachelor of science,https://www.sydney.edu.au/courses/courses/uc/bachelor-of-science.html
bachelor-of-science-health,bachelor of science health,https://www.sydney.edu.au/courses/courses/uc/bachelor-of-science-health.html
bachelor-of-science-medical-science,bachelor of science medical science,https://www.sydney.edu.au/courses/courses/uc/bachelor-of-science-medical-science.html
bachelor-of-science-and-bachelor-of-laws,bachelor of science and bachelor of laws,https://www.sydney.edu.au/courses/courses/uc/bachelor-of-science-and-bachelor-of-laws.html
bachelor-of-nursing-post-registration-singapore,bachelor of nursing post registration singapore,https://www.sydney.edu.au/courses/courses/uc/bachelor-of-nursing-post-registration-singapore.html
bachelor-of-visual-arts-honours,bachelor of visual arts honours,https://www.sydney.edu.au/courses/courses/uc/bachelor-of-visual-arts-honours.html
bachelor-of-architecture-and-environments,bachelor of architecture and environments,https://www.sydney.edu.au/courses/courses/uc/bachelor-of-architecture-and-environments.html
bachelor-of-applied-science-diagnostic-radiography,bachelor of applied science diagnostic radiography,https://www.sydney.edu.au/courses/courses/uc/bachelor-of-applied-science-diagnostic-radiography.html
bachelor-of-applied-science-physiotherapy,bachelor of applied science physiotherapy,https://www.sydney.edu.au/courses/courses/uc/bachelor-of-applied-science-physiotherapy.html
bachelor-of-applied-science-speech-pathology,bachelor of applied science speech pathology,https://www.sydney.edu.au/courses/courses/uc/bachelor-of-applied-science-speech-pathology.html
bachelor-of-economics-and-bachelor-of-advanced-studies,bachelor of economics and bachelor of advanced studies,https://www.sydney.edu.au/courses/courses/uc/bachelor-of-economics-and-bachelor-of-advanced-studies.html
bachelor-of-economics-and-bachelor-of-laws,bachelor of economics and bachelor of laws,https://www.sydney.edu.au/courses/courses/uc/bachelor-of-economics-and-bachelor-of-laws.html
bachelor-of-oral-health,bachelor of oral health,https://www.sydney.edu.au/courses/courses/uc/bachelor-of-oral-health.html
bachelor-of-visual-arts,bachelor of visual arts,https://www.sydney.edu.au/courses/courses/uc/bachelor-of-visual-arts.html
bachelor-of-project-management0,bachelor of project management0,https://www.sydney.edu.au/courses/courses/uc/bachelor-of-project-management0.html
bachelor-of-social-work0,bachelor of social work0,https://www.sydney.edu.au/courses/courses/uc/bachelor-of-social-work0.html
diploma-of-arts0,diploma of arts0,https://www.sydney.edu.au/courses/courses/uc/diploma-of-arts0.html
diploma-of-language-studies0,diploma of language studies0,https://www.sydney.edu.au/courses/courses/uc/diploma-of-language-studies0.html
bachelor-of-applied-science-exercise-physiology7,bachelor of applied science exercise physiology7,https://www.sydney.edu.au/courses/courses/uc/bachelor-of-applied-science-exercise-physiology7.html
bachelor-of-applied-science-exercise-and-sport-science0,bachelor of applied science exercise and sport science0,https://www.sydney.edu.au/courses/courses/uc/bachelor-of-applied-science-exercise-and-sport-science0.html
bachelor-of-arts-and-bachelor-of-advanced-studies-dalyell-scholars,bachelor of arts and bachelor of advanced studies dalyell scholars,https://www.sydney.edu.au/courses/courses/uc/bachelor-of-arts-and-bachelor-of-advanced-studies-dalyell-scholars.html
bachelor-of-arts-dual-degree-sciences-po-france0,bachelor of arts dual degree sciences po france0,https://www.sydney.edu.au/courses/courses/uc/bachelor-of-arts-dual-degree-sciences-po-france0.html
bachelor-of-economics-dual-degree-sciences-po-france0,bachelor of economics dual degree sciences po france0,https://www.sydney.edu.au/courses/courses/uc/bachelor-of-economics-dual-degree-sciences-po-france0.html
bachelor-of-veterinary-biology-and-doctor-of-veterinary-medicine0,bachelor of veterinary biology and doctor of veterinary medicine0,https://www.sydney.edu.au/courses/courses/uc/bachelor-of-veterinary-biology-and-doctor-of-veterinary-medicine0.html
bachelor-of-music-and-bachelor-of-advanced-studies-performance,bachelor of music and bachelor of advanced studies performance,https://www.sydney.edu.au/courses/courses/uc/bachelor-of-music-and-bachelor-of-advanced-studies-performance.html
bachelor-of-music-and-bachelor-of-advanced-studies-composition,bachelor of music and bachelor of advanced studies composition,https://www.sydney.edu.au/courses/courses/uc/bachelor-of-music-and-bachelor-of-advanced-studies-composition.html
bachelor-of-engineering-honours-civil-engineering-and-bachelor-of-design-in-architecture0,bachelor of engineering honours civil engineering and bachelor of design in architecture0,https://www.sydney.edu.au/courses/courses/uc/bachelor-of-engineering-honours-civil-engineering-and-bachelor-of-design-in-architecture0.html
bachelor-of-applied-science-occupational-therapy0,bachelor of applied science occupational therapy0,https://www.sydney.edu.au/courses/courses/uc/bachelor-of-applied-science-occupational-therapy0.html
bachelor-of-science-extended,bachelor of science extended,https://www.sydney.edu.au/courses/courses/uc/bachelor-of-science-extended.html
bachelor-of-science-extended-health,bachelor of science extended health,https://www.sydney.edu.au/courses/courses/uc/bachelor-of-science-extended-health.html
bachelor-of-arts-extended,bachelor of arts extended,https://www.sydney.edu.au/courses/courses/uc/bachelor-of-arts-extended.html
bachelor-of-pharmacy-honours-and-master-of-pharmacy-practice,bachelor of pharmacy honours and master of pharmacy practice,https://www.sydney.edu.au/courses/courses/uc/bachelor-of-pharmacy-honours-and-master-of-pharmacy-practice.html
bachelor-of-pharmacy-and-management-honours-and-master-of-pharmacy-practice,bachelor of pharmacy and management honours and master of pharmacy practice,https://www.sydney.edu.au/courses/courses/uc/bachelor-of-pharmacy-and-management-honours-and-master-of-pharmacy-practice.html
bachelor-of-education-health-and-physical-education0,bachelor of education health and physical education0,https://www.sydney.edu.au/courses/courses/uc/bachelor-of-education-health-and-physical-education0.html
bachelor-of-education-early-childhood0,bachelor of education early childhood0,https://www.sydney.edu.au/courses/courses/uc/bachelor-of-education-early-childhood0.html
bachelor-of-education-primary0,bachelor of education primary0,https://www.sydney.edu.au/courses/courses/uc/bachelor-of-education-primary0.html
bachelor-of-education-secondary,bachelor of education secondary,https://www.sydney.edu.au/courses/courses/uc/bachelor-of-education-secondary.html
bachelor-of-education-and-bachelor-of-advanced-studies-secondary,bachelor of education and bachelor of advanced studies secondary,https://www.sydney.edu.au/courses/courses/uc/bachelor-of-education-and-bachelor-of-advanced-studies-secondary.html
bachelor-of-engineering-honours-software-engineering1,bachelor of engineering honours software engineering1,https://www.sydney.edu.au/courses/courses/uc/bachelor-of-engineering-honours-software-engineering1.html
bachelor-of-engineering-honours-with-space,bachelor of engineering honours with space,https://www.sydney.edu.au/courses/courses/uc/bachelor-of-engineering-honours-with-space.html
bachelor-of-engineering-honours-and-bachelor-of-laws1,bachelor of engineering honours and bachelor of laws1,https://www.sydney.edu.au/courses/courses/uc/bachelor-of-engineering-honours-and-bachelor-of-laws1.html
bachelor-of-engineering-honours-and-bachelor-of-project-management,bachelor of engineering honours and bachelor of project management,https://www.sydney.edu.au/courses/courses/uc/bachelor-of-engineering-honours-and-bachelor-of-project-management.html
bachelor-of-engineering-honours-mechatronic-engineering2,bachelor of engineering honours mechatronic engineering2,https://www.sydney.edu.au/courses/courses/uc/bachelor-of-engineering-honours-mechatronic-engineering2.html
bachelor-of-engineering-honours-mechanical-engineering2,bachelor of engineering honours mechanical engineering2,https://www.sydney.edu.au/courses/courses/uc/bachelor-of-engineering-honours-mechanical-engineering2.html
bachelor-of-engineering-honours-flexible-first-year,bachelor of engineering honours flexible first year,https://www.sydney.edu.au/courses/courses/uc/bachelor-of-engineering-honours-flexible-first-year.html
bachelor-of-engineering-honours-electrical-engineering2,bachelor of engineering honours electrical engineering2,https://www.sydney.edu.au/courses/courses/uc/bachelor-of-engineering-honours-electrical-engineering2.html
bachelor-of-engineering-honours-dalyell-scholars,bachelor of engineering honours dalyell scholars,https://www.sydney.edu.au/courses/courses/uc/bachelor-of-engineering-honours-dalyell-scholars.html
bachelor-of-engineering-honours-civil-engineering2,bachelor of engineering honours civil engineering2,https://www.sydney.edu.au/courses/courses/uc/bachelor-of-engineering-honours-civil-engineering2.html
bachelor-of-engineering-honours-chemical-and-biomolecular-engineering2,bachelor of engineering honours chemical and biomolecular engineering2,https://www.sydney.edu.au/courses/courses/uc/bachelor-of-engineering-honours-chemical-and-biomolecular-engineering2.html
bachelor-of-engineering-honours-biomedical-engineering2,bachelor of engineering honours biomedical engineering2,https://www.sydney.edu.au/courses/courses/uc/bachelor-of-engineering-honours-biomedical-engineering2.html
bachelor-of-engineering-honours-aeronautical-engineering2,bachelor of engineering honours aeronautical engineering2,https://www.sydney.edu.au/courses/courses/uc/bachelor-of-engineering-honours-aeronautical-engineering2.html
bachelor-of-engineering-honours-and-bachelor-of-science1,bachelor of engineering honours and bachelor of science1,https://www.sydney.edu.au/courses/courses/uc/bachelor-of-engineering-honours-and-bachelor-of-science1.html
bachelor-of-engineering-honours-biomedical-engineering-and-bachelor-of-science-health,bachelor of engineering honours biomedical engineering and bachelor of science health,https://www.sydney.edu.au/courses/courses/uc/bachelor-of-engineering-honours-biomedical-engineering-and-bachelor-of-science-health.html
bachelor-of-engineering-honours-and-bachelor-of-arts1,bachelor of engineering honours and bachelor of arts1,https://www.sydney.edu.au/courses/courses/uc/bachelor-of-engineering-honours-and-bachelor-of-arts1.html
bachelor-of-psychology-honours,bachelor of psychology honours,https://www.sydney.edu.au/courses/courses/uc/bachelor-of-psychology-honours.html
bachelor-of-psychology,bachelor of psychology,https://www.sydney.edu.au/courses/courses/uc/bachelor-of-psychology.html
bachelor-of-design-interaction-design,bachelor of design interaction design,https://www.sydney.edu.au/courses/courses/uc/bachelor-of-design-interaction-design.html
bachelor-of-design-honours,bachelor of design honours,https://www.sydney.edu.au/courses/courses/uc/bachelor-of-design-honours.html
bachelor-of-design-and-bachelor-of-advanced-studies-interaction-design,bachelor of design and bachelor of advanced studies interaction design,https://www.sydney.edu.au/courses/courses/uc/bachelor-of-design-and-bachelor-of-advanced-studies-interaction-design.html
bachelor-of-agricultural-science-honours,bachelor of agricultural science honours,https://www.sydney.edu.au/courses/courses/uc/bachelor-of-agricultural-science-honours.html
bachelor-of-agricultural-science,bachelor of agricultural science,https://www.sydney.edu.au/courses/courses/uc/bachelor-of-agricultural-science.html
bachelor-of-science-advanced,bachelor of science advanced,https://www.sydney.edu.au/courses/courses/uc/bachelor-of-science-advanced.html
bachelor-of-liberal-arts-and-science-advanced-honours,bachelor of liberal arts and science advanced honours,https://www.sydney.edu.au/courses/courses/uc/bachelor-of-liberal-arts-and-science-advanced-honours.html
bachelor-of-advanced-studies-media-and-communications0,bachelor of advanced studies media and communications0,https://www.sydney.edu.au/courses/courses/uc/bachelor-of-advanced-studies-media-and-communications0.html
bachelor-of-engineering-honours-environmental-engineering,bachelor of engineering honours environmental engineering,https://www.sydney.edu.au/courses/courses/uc/bachelor-of-engineering-honours-environmental-engineering.html
bachelor-of-economics-and-bachelor-of-arts,bachelor of economics and bachelor of arts,https://www.sydney.edu.au/courses/courses/uc/bachelor-of-economics-and-bachelor-of-arts.html
bachelor-of-science-and-bachelor-of-arts,bachelor of science and bachelor of arts,https://www.sydney.edu.au/courses/courses/uc/bachelor-of-science-and-bachelor-of-arts.html
bachelor-of-advanced-studies-honours-politics-and-international-relations,bachelor of advanced studies honours politics and international relations,https://www.sydney.edu.au/courses/courses/uc/bachelor-of-advanced-studies-honours-politics-and-international-relations.html
bachelor-of-politics-philosophy-and-economics,bachelor of politics philosophy and economics,https://www.sydney.edu.au/courses/courses/uc/bachelor-of-politics-philosophy-and-economics.html
bachelor-of-languages,bachelor of languages,https://www.sydney.edu.au/courses/courses/uc/bachelor-of-languages.html
bachelor-of-international-studies,bachelor of international studies,https://www.sydney.edu.au/courses/courses/uc/bachelor-of-international-studies.html
bachelor-of-media-and-communications,bachelor of media and communications,https://www.sydney.edu.au/courses/courses/uc/bachelor-of-media-and-communications.html
bachelor-of-languages-honours,bachelor of languages honours,https://www.sydney.edu.au/courses/courses/uc/bachelor-of-languages-honours.html
bachelor-of-international-studies-honours,bachelor of international studies honours,https://www.sydney.edu.au/courses/courses/uc/bachelor-of-international-studies-honours.html
bachelor-of-media-and-communications-honours,bachelor of media and communications honours,https://www.sydney.edu.au/courses/courses/uc/bachelor-of-media-and-communications-honours.html
bachelor-of-politics-philosophy-and-economics-honours,bachelor of politics philosophy and economics honours,https://www.sydney.edu.au/courses/courses/uc/bachelor-of-politics-philosophy-and-economics-honours.html
bachelor-of-animal-and-veterinary-bioscience-honours,bachelor of animal and veterinary bioscience honours,https://www.sydney.edu.au/courses/courses/uc/bachelor-of-animal-and-veterinary-bioscience-honours.html
bachelor-of-animal-and-veterinary-bioscience,bachelor of animal and veterinary bioscience,https://www.sydney.edu.au/courses/courses/uc/bachelor-of-animal-and-veterinary-bioscience.html
bachelor-of-wildlife-conservation-taronga-honours,bachelor of wildlife conservation taronga honours,https://www.sydney.edu.au/courses/courses/uc/bachelor-of-wildlife-conservation-taronga-honours.html
bachelor-of-wildlife-conservation-taronga,bachelor of wildlife conservation taronga,https://www.sydney.edu.au/courses/courses/uc/bachelor-of-wildlife-conservation-taronga.html
bachelor-of-science-and-bachelor-of-advanced-studies-dalyell-scholars,bachelor of science and bachelor of advanced studies dalyell scholars,https://www.sydney.edu.au/courses/courses/uc/bachelor-of-science-and-bachelor-of-advanced-studies-dalyell-scholars.html
bachelor-of-biomedicine-and-health,bachelor of biomedicine and health,https://www.sydney.edu.au/courses/courses/uc/bachelor-of-biomedicine-and-health.html
bachelor-of-mathematical-sciences,bachelor of mathematical sciences,https://www.sydney.edu.au/courses/courses/uc/bachelor-of-mathematical-sciences.html
bachelor-of-mathematical-sciences-honours,bachelor of mathematical sciences honours,https://www.sydney.edu.au/courses/courses/uc/bachelor-of-mathematical-sciences-honours.html
bachelor-of-nursing-advanced-studies0,bachelor of nursing advanced studies0,https://www.sydney.edu.au/courses/courses/uc/bachelor-of-nursing-advanced-studies0.html
bachelor-of-engineering-honours-and-bachelor-of-science-medical-science,bachelor of engineering honours and bachelor of science medical science,https://www.sydney.edu.au/courses/courses/uc/bachelor-of-engineering-honours-and-bachelor-of-science-medical-science.html
bachelor-of-arts-and-master-of-nursing0,bachelor of arts and master of nursing0,https://www.sydney.edu.au/courses/courses/uc/bachelor-of-arts-and-master-of-nursing0.html
bachelor-of-science-and-master-of-nursing0,bachelor of science and master of nursing0,https://www.sydney.edu.au/courses/courses/uc/bachelor-of-science-and-master-of-nursing0.html
bachelor-of-science-health-and-master-of-nursing0,bachelor of science health and master of nursing0,https://www.sydney.edu.au/courses/courses/uc/bachelor-of-science-health-and-master-of-nursing0.html
bachelor-of-liberal-arts-and-science,bachelor of liberal arts and science,https://www.sydney.edu.au/courses/courses/uc/bachelor-of-liberal-arts-and-science.html
bachelor-of-liberal-arts-and-science-advanced0,bachelor of liberal arts and science advanced0,https://www.sydney.edu.au/courses/courses/uc/bachelor-of-liberal-arts-and-science-advanced0.html
bachelor-of-liberal-arts-and-science-extended1,bachelor of liberal arts and science extended1,https://www.sydney.edu.au/courses/courses/uc/bachelor-of-liberal-arts-and-science-extended1.html
